This is pdfTeX, Version 3.141592653-2.6-1.40.26 (TeX Live 2025/dev/Debian) (preloaded format=pdflatex 2026.2.6)  20 SEP 2026 23:36
entering extended mode
 restricted \write18 enabled.
 %&-line parsing enabled.
**Bethe_1928_rev22_English_only_math_preserved_source.tex
(./Bethe_1928_rev22_English_only_math_preserved_source.tex
LaTeX2e <2024-11-01> patch level 2
L3 programming layer <2025-01-18>
(/usr/share/texlive/texmf-dist/tex/latex/base/article.cls
Document Class: article 2024/06/29 v1.4n Standard LaTeX document class
(/usr/share/texlive/texmf-dist/tex/latex/base/size10.clo
File: size10.clo 2024/06/29 v1.4n Standard LaTeX file (size option)
)
\c@part=\count196
\c@section=\count197
\c@subsection=\count198
\c@subsubsection=\count199
\c@paragraph=\count266
\c@subparagraph=\count267
\c@figure=\count268
\c@table=\count269
\abovecaptionskip=\skip49
\belowcaptionskip=\skip50
\bibindent=\dimen141
)
(/usr/share/texlive/texmf-dist/tex/latex/geometry/geometry.sty
Package: geometry 2020/01/02 v5.9 Page Geometry

(/usr/share/texlive/texmf-dist/tex/latex/graphics/keyval.sty
Package: keyval 2022/05/29 v1.15 key=value parser (DPC)
\KV@toks@=\toks17
)
(/usr/share/texlive/texmf-dist/tex/generic/iftex/ifvtex.sty
Package: ifvtex 2019/10/25 v1.7 ifvtex legacy package. Use iftex instead.

(/usr/share/texlive/texmf-dist/tex/generic/iftex/iftex.sty
Package: iftex 2024/12/12 v1.0g TeX engine tests
))
\Gm@cnth=\count270
\Gm@cntv=\count271
\c@Gm@tempcnt=\count272
\Gm@bindingoffset=\dimen142
\Gm@wd@mp=\dimen143
\Gm@odd@mp=\dimen144
\Gm@even@mp=\dimen145
\Gm@layoutwidth=\dimen146
\Gm@layoutheight=\dimen147
\Gm@layouthoffset=\dimen148
\Gm@layoutvoffset=\dimen149
\Gm@dimlist=\toks18
)
(/usr/share/texlive/texmf-dist/tex/latex/pdfpages/pdfpages.sty
Package: pdfpages 2025/01/30 v0.6e Insert pages of external PDF documents (AM)

(/usr/share/texlive/texmf-dist/tex/latex/base/ifthen.sty
Package: ifthen 2024/03/16 v1.1e Standard LaTeX ifthen package (DPC)
)
(/usr/share/texlive/texmf-dist/tex/latex/tools/calc.sty
Package: calc 2023/07/08 v4.3 Infix arithmetic (KKT,FJ)
\calc@Acount=\count273
\calc@Bcount=\count274
\calc@Adimen=\dimen150
\calc@Bdimen=\dimen151
\calc@Askip=\skip51
\calc@Bskip=\skip52
LaTeX Info: Redefining \setlength on input line 80.
LaTeX Info: Redefining \addtolength on input line 81.
\calc@Ccount=\count275
\calc@Cskip=\skip53
)
(/usr/share/texlive/texmf-dist/tex/latex/eso-pic/eso-pic.sty
Package: eso-pic 2023/05/03 v3.0c eso-pic (RN)
\ESO@tempdima=\dimen152
\ESO@tempdimb=\dimen153

(/usr/share/texlive/texmf-dist/tex/latex/xcolor/xcolor.sty
Package: xcolor 2024/09/29 v3.02 LaTeX color extensions (UK)

(/usr/share/texlive/texmf-dist/tex/latex/graphics-cfg/color.cfg
File: color.cfg 2016/01/02 v1.6 sample color configuration
)
Package xcolor Info: Driver file: pdftex.def on input line 274.

(/usr/share/texlive/texmf-dist/tex/latex/graphics-def/pdftex.def
File: pdftex.def 2024/04/13 v1.2c Graphics/color driver for pdftex
)
(/usr/share/texlive/texmf-dist/tex/latex/graphics/mathcolor.ltx)
Package xcolor Info: Model `cmy' substituted by `cmy0' on input line 1349.
Package xcolor Info: Model `hsb' substituted by `rgb' on input line 1353.
Package xcolor Info: Model `RGB' extended on input line 1365.
Package xcolor Info: Model `HTML' substituted by `rgb' on input line 1367.
Package xcolor Info: Model `Hsb' substituted by `hsb' on input line 1368.
Package xcolor Info: Model `tHsb' substituted by `hsb' on input line 1369.
Package xcolor Info: Model `HSB' substituted by `hsb' on input line 1370.
Package xcolor Info: Model `Gray' substituted by `gray' on input line 1371.
Package xcolor Info: Model `wave' substituted by `hsb' on input line 1372.
))
(/usr/share/texlive/texmf-dist/tex/latex/etoolbox/etoolbox.sty
Package: etoolbox 2025/02/11 v2.5l e-TeX tools for LaTeX (JAW)
\etb@tempcnta=\count276
)
(/usr/share/texlive/texmf-dist/tex/latex/graphics/graphicx.sty
Package: graphicx 2021/09/16 v1.2d Enhanced LaTeX Graphics (DPC,SPQR)

(/usr/share/texlive/texmf-dist/tex/latex/graphics/graphics.sty
Package: graphics 2024/08/06 v1.4g Standard LaTeX Graphics (DPC,SPQR)

(/usr/share/texlive/texmf-dist/tex/latex/graphics/trig.sty
Package: trig 2023/12/02 v1.11 sin cos tan (DPC)
)
(/usr/share/texlive/texmf-dist/tex/latex/graphics-cfg/graphics.cfg
File: graphics.cfg 2016/06/04 v1.11 sample graphics configuration
)
Package graphics Info: Driver file: pdftex.def on input line 106.
)
\Gin@req@height=\dimen154
\Gin@req@width=\dimen155
)
\AM@pagewidth=\dimen156
\AM@pageheight=\dimen157
\AM@fboxrule=\dimen158

(/usr/share/texlive/texmf-dist/tex/latex/pdfpages/pppdftex.def
File: pppdftex.def 2025/01/30 v0.6e Pdfpages driver for pdfTeX (AM)
)
\pdfpages@includegraphics@status=\count277
\AM@pagebox=\box52
\AM@global@opts=\toks19
\AM@pagecnt=\count278
\AM@toc@title=\toks20
\AM@lof@heading=\toks21
\c@AM@survey=\count279
\AM@templatesizebox=\box53
)
(/usr/share/texlive/texmf-dist/tex/latex/l3backend/l3backend-pdftex.def
File: l3backend-pdftex.def 2024-05-08 L3 backend support: PDF output (pdfTeX)
\l__color_backend_stack_int=\count280
\l__pdf_internal_box=\box54
)
No file Bethe_1928_rev22_English_only_math_preserved_source.aux.
\openout1 = `Bethe_1928_rev22_English_only_math_preserved_source.aux'.

LaTeX Font Info:    Checking defaults for OML/cmm/m/it on input line 27.
LaTeX Font Info:    ... okay on input line 27.
LaTeX Font Info:    Checking defaults for OMS/cmsy/m/n on input line 27.
LaTeX Font Info:    ... okay on input line 27.
LaTeX Font Info:    Checking defaults for OT1/cmr/m/n on input line 27.
LaTeX Font Info:    ... okay on input line 27.
LaTeX Font Info:    Checking defaults for T1/cmr/m/n on input line 27.
LaTeX Font Info:    ... okay on input line 27.
LaTeX Font Info:    Checking defaults for TS1/cmr/m/n on input line 27.
LaTeX Font Info:    ... okay on input line 27.
LaTeX Font Info:    Checking defaults for OMX/cmex/m/n on input line 27.
LaTeX Font Info:    ... okay on input line 27.
LaTeX Font Info:    Checking defaults for U/cmr/m/n on input line 27.
LaTeX Font Info:    ... okay on input line 27.
*geometry* driver: auto-detecting
*geometry* detected driver: pdftex
*geometry* verbose mode - [ preamble ] result:
* driver: pdftex
* paper: custom
* layout: <same size as paper>
* layoutoffset:(h,v)=(0.0pt,0.0pt)
* modes: 
* h-part:(L,W,R)=(0.0pt, 614.295pt, 0.0pt)
* v-part:(T,H,B)=(0.0pt, 794.96999pt, 0.0pt)
* \paperwidth=614.295pt
* \paperheight=794.96999pt
* \textwidth=614.295pt
* \textheight=794.96999pt
* \oddsidemargin=-72.26999pt
* \evensidemargin=-72.26999pt
* \topmargin=-109.26999pt
* \headheight=12.0pt
* \headsep=25.0pt
* \topskip=10.0pt
* \footskip=30.0pt
* \marginparwidth=65.0pt
* \marginparsep=11.0pt
* \columnsep=10.0pt
* \skip\footins=9.0pt plus 4.0pt minus 2.0pt
* \hoffset=0.0pt
* \voffset=0.0pt
* \mag=1000
* \@twocolumnfalse
* \@twosidefalse
* \@mparswitchfalse
* \@reversemarginfalse
* (1in=72.27pt=25.4mm, 1cm=28.453pt)

(/usr/share/texlive/texmf-dist/tex/context/base/mkii/supp-pdf.mkii
[Loading MPS to PDF converter (version 2006.09.02).]
\scratchcounter=\count281
\scratchdimen=\dimen159
\scratchbox=\box55
\nofMPsegments=\count282
\nofMParguments=\count283
\everyMPshowfont=\toks22
\MPscratchCnt=\count284
\MPscratchDim=\dimen160
\MPnumerator=\count285
\makeMPintoPDFobject=\count286
\everyMPtoPDFconversion=\toks23
) (/usr/share/texlive/texmf-dist/tex/latex/epstopdf-pkg/epstopdf-base.sty
Package: epstopdf-base 2020-01-24 v2.11 Base part for package epstopdf
Package epstopdf-base Info: Redefining graphics rule for `.eps' on input line 4
85.

(/usr/share/texlive/texmf-dist/tex/latex/latexconfig/epstopdf-sys.cfg
File: epstopdf-sys.cfg 2010/07/13 v1.3 Configuration of (r)epstopdf for TeX Liv
e
))
(/usr/share/texlive/texmf-dist/tex/latex/pdflscape/pdflscape.sty
Package: pdflscape 2022-10-27 v0.13 Display of landscape pages in PDF

(/usr/share/texlive/texmf-dist/tex/latex/pdflscape/pdflscape-nometadata.sty
Package: pdflscape-nometadata 2022-10-28 v0.13 Display of landscape pages in PD
F (HO)

(/usr/share/texlive/texmf-dist/tex/latex/graphics/lscape.sty
Package: lscape 2020/05/28 v3.02 Landscape Pages (DPC)
)
Package pdflscape Info: Auto-detected driver: pdftex on input line 81.
))
<Bethe_1928_Final_Audited_Translation_rev20.pdf, id=1, 614.295pt x 794.97pt>
File: Bethe_1928_Final_Audited_Translation_rev20.pdf Graphic file (type pdf)
<use Bethe_1928_Final_Audited_Translation_rev20.pdf>
Package pdftex.def Info: Bethe_1928_Final_Audited_Translation_rev20.pdf  used o
n input line 30.
(pdftex.def)             Requested size: 614.29349pt x 794.96806pt.
<Bethe_1928_Final_Audited_Translation_rev20.pdf, id=3, page=1, 614.295pt x 794.
97pt>
File: Bethe_1928_Final_Audited_Translation_rev20.pdf Graphic file (type pdf)
<use Bethe_1928_Final_Audited_Translation_rev20.pdf, page 1>
Package pdftex.def Info: Bethe_1928_Final_Audited_Translation_rev20.pdf , page1
 used on input line 30.
(pdftex.def)             Requested size: 614.29349pt x 794.96806pt.
File: Bethe_1928_Final_Audited_Translation_rev20.pdf Graphic file (type pdf)
<use Bethe_1928_Final_Audited_Translation_rev20.pdf, page 1>
Package pdftex.def Info: Bethe_1928_Final_Audited_Translation_rev20.pdf , page1
 used on input line 30.
(pdftex.def)             Requested size: 614.58406pt x 795.3441pt.
File: Bethe_1928_Final_Audited_Translation_rev20.pdf Graphic file (type pdf)
<use Bethe_1928_Final_Audited_Translation_rev20.pdf, page 1>
Package pdftex.def Info: Bethe_1928_Final_Audited_Translation_rev20.pdf , page1
 used on input line 30.
(pdftex.def)             Requested size: 614.58406pt x 795.3441pt.
File: Bethe_1928_Final_Audited_Translation_rev20.pdf Graphic file (type pdf)
<use Bethe_1928_Final_Audited_Translation_rev20.pdf, page 1>
Package pdftex.def Info: Bethe_1928_Final_Audited_Translation_rev20.pdf , page1
 used on input line 30.
(pdftex.def)             Requested size: 614.58406pt x 795.3441pt.


File: Bethe_1928_Final_Audited_Translation_rev20.pdf Graphic file (type pdf)
<use Bethe_1928_Final_Audited_Translation_rev20.pdf, page 1>
Package pdftex.def Info: Bethe_1928_Final_Audited_Translation_rev20.pdf , page1
 used on input line 30.
(pdftex.def)             Requested size: 614.58406pt x 795.3441pt.
[1


 <./Bethe_1928_Final_Audited_Translation_rev20.pdf>]
<Bethe_1928_Final_Audited_Translation_rev20.pdf, id=12, page=2, 614.295pt x 794
.97pt>
File: Bethe_1928_Final_Audited_Translation_rev20.pdf Graphic file (type pdf)
<use Bethe_1928_Final_Audited_Translation_rev20.pdf, page 2>
Package pdftex.def Info: Bethe_1928_Final_Audited_Translation_rev20.pdf , page2
 used on input line 30.
(pdftex.def)             Requested size: 614.58406pt x 795.3441pt.
File: Bethe_1928_Final_Audited_Translation_rev20.pdf Graphic file (type pdf)
<use Bethe_1928_Final_Audited_Translation_rev20.pdf, page 2>
Package pdftex.def Info: Bethe_1928_Final_Audited_Translation_rev20.pdf , page2
 used on input line 30.
(pdftex.def)             Requested size: 614.58406pt x 795.3441pt.


File: Bethe_1928_Final_Audited_Translation_rev20.pdf Graphic file (type pdf)
<use Bethe_1928_Final_Audited_Translation_rev20.pdf, page 2>
Package pdftex.def Info: Bethe_1928_Final_Audited_Translation_rev20.pdf , page2
 used on input line 30.
(pdftex.def)             Requested size: 614.58406pt x 795.3441pt.
[2

 <./Bethe_1928_Final_Audited_Translation_rev20.pdf>]
<Bethe_1928_Final_Audited_Translation_rev20.pdf, id=19, page=3, 614.295pt x 794
.97pt>
File: Bethe_1928_Final_Audited_Translation_rev20.pdf Graphic file (type pdf)
<use Bethe_1928_Final_Audited_Translation_rev20.pdf, page 3>
Package pdftex.def Info: Bethe_1928_Final_Audited_Translation_rev20.pdf , page3
 used on input line 30.
(pdftex.def)             Requested size: 614.58406pt x 795.3441pt.
File: Bethe_1928_Final_Audited_Translation_rev20.pdf Graphic file (type pdf)
<use Bethe_1928_Final_Audited_Translation_rev20.pdf, page 3>
Package pdftex.def Info: Bethe_1928_Final_Audited_Translation_rev20.pdf , page3
 used on input line 30.
(pdftex.def)             Requested size: 614.58406pt x 795.3441pt.


File: Bethe_1928_Final_Audited_Translation_rev20.pdf Graphic file (type pdf)
<use Bethe_1928_Final_Audited_Translation_rev20.pdf, page 3>
Package pdftex.def Info: Bethe_1928_Final_Audited_Translation_rev20.pdf , page3
 used on input line 30.
(pdftex.def)             Requested size: 614.58406pt x 795.3441pt.
[3

 <./Bethe_1928_Final_Audited_Translation_rev20.pdf>]
<Bethe_1928_rev22_changed_pages.pdf, id=92, 614.295pt x 794.97pt>
File: Bethe_1928_rev22_changed_pages.pdf Graphic file (type pdf)
<use Bethe_1928_rev22_changed_pages.pdf>
Package pdftex.def Info: Bethe_1928_rev22_changed_pages.pdf  used on input line
 33.
(pdftex.def)             Requested size: 614.29349pt x 794.96806pt.
<Bethe_1928_rev22_changed_pages.pdf, id=94, page=1, 614.295pt x 794.97pt>
File: Bethe_1928_rev22_changed_pages.pdf Graphic file (type pdf)
<use Bethe_1928_rev22_changed_pages.pdf, page 1>
Package pdftex.def Info: Bethe_1928_rev22_changed_pages.pdf , page1 used on inp
ut line 33.
(pdftex.def)             Requested size: 614.29349pt x 794.96806pt.
File: Bethe_1928_rev22_changed_pages.pdf Graphic file (type pdf)
<use Bethe_1928_rev22_changed_pages.pdf, page 1>
Package pdftex.def Info: Bethe_1928_rev22_changed_pages.pdf , page1 used on inp
ut line 33.
(pdftex.def)             Requested size: 614.58406pt x 795.3441pt.
File: Bethe_1928_rev22_changed_pages.pdf Graphic file (type pdf)
<use Bethe_1928_rev22_changed_pages.pdf, page 1>
Package pdftex.def Info: Bethe_1928_rev22_changed_pages.pdf , page1 used on inp
ut line 33.
(pdftex.def)             Requested size: 614.58406pt x 795.3441pt.
File: Bethe_1928_rev22_changed_pages.pdf Graphic file (type pdf)
<use Bethe_1928_rev22_changed_pages.pdf, page 1>
Package pdftex.def Info: Bethe_1928_rev22_changed_pages.pdf , page1 used on inp
ut line 33.
(pdftex.def)             Requested size: 614.58406pt x 795.3441pt.


File: Bethe_1928_rev22_changed_pages.pdf Graphic file (type pdf)
<use Bethe_1928_rev22_changed_pages.pdf, page 1>
Package pdftex.def Info: Bethe_1928_rev22_changed_pages.pdf , page1 used on inp
ut line 33.
(pdftex.def)             Requested size: 614.58406pt x 795.3441pt.
[4

 <./Bethe_1928_rev22_changed_pages.pdf>]
File: Bethe_1928_Final_Audited_Translation_rev20.pdf Graphic file (type pdf)
<use Bethe_1928_Final_Audited_Translation_rev20.pdf>
Package pdftex.def Info: Bethe_1928_Final_Audited_Translation_rev20.pdf  used o
n input line 36.
(pdftex.def)             Requested size: 614.29349pt x 794.96806pt.
<Bethe_1928_Final_Audited_Translation_rev20.pdf, id=190, page=5, 614.295pt x 79
4.97pt>
File: Bethe_1928_Final_Audited_Translation_rev20.pdf Graphic file (type pdf)
<use Bethe_1928_Final_Audited_Translation_rev20.pdf, page 5>
Package pdftex.def Info: Bethe_1928_Final_Audited_Translation_rev20.pdf , page5
 used on input line 36.
(pdftex.def)             Requested size: 614.29349pt x 794.96806pt.
File: Bethe_1928_Final_Audited_Translation_rev20.pdf Graphic file (type pdf)
<use Bethe_1928_Final_Audited_Translation_rev20.pdf, page 5>
Package pdftex.def Info: Bethe_1928_Final_Audited_Translation_rev20.pdf , page5
 used on input line 36.
(pdftex.def)             Requested size: 614.58406pt x 795.3441pt.
File: Bethe_1928_Final_Audited_Translation_rev20.pdf Graphic file (type pdf)
<use Bethe_1928_Final_Audited_Translation_rev20.pdf, page 5>
Package pdftex.def Info: Bethe_1928_Final_Audited_Translation_rev20.pdf , page5
 used on input line 36.
(pdftex.def)             Requested size: 614.58406pt x 795.3441pt.
File: Bethe_1928_Final_Audited_Translation_rev20.pdf Graphic file (type pdf)
<use Bethe_1928_Final_Audited_Translation_rev20.pdf, page 5>
Package pdftex.def Info: Bethe_1928_Final_Audited_Translation_rev20.pdf , page5
 used on input line 36.
(pdftex.def)             Requested size: 614.58406pt x 795.3441pt.


File: Bethe_1928_Final_Audited_Translation_rev20.pdf Graphic file (type pdf)
<use Bethe_1928_Final_Audited_Translation_rev20.pdf, page 5>
Package pdftex.def Info: Bethe_1928_Final_Audited_Translation_rev20.pdf , page5
 used on input line 36.
(pdftex.def)             Requested size: 614.58406pt x 795.3441pt.
[5

 <./Bethe_1928_Final_Audited_Translation_rev20.pdf>]
<Bethe_1928_Final_Audited_Translation_rev20.pdf, id=194, page=6, 614.295pt x 79
4.97pt>
File: Bethe_1928_Final_Audited_Translation_rev20.pdf Graphic file (type pdf)
<use Bethe_1928_Final_Audited_Translation_rev20.pdf, page 6>
Package pdftex.def Info: Bethe_1928_Final_Audited_Translation_rev20.pdf , page6
 used on input line 36.
(pdftex.def)             Requested size: 614.58406pt x 795.3441pt.
File: Bethe_1928_Final_Audited_Translation_rev20.pdf Graphic file (type pdf)
<use Bethe_1928_Final_Audited_Translation_rev20.pdf, page 6>
Package pdftex.def Info: Bethe_1928_Final_Audited_Translation_rev20.pdf , page6
 used on input line 36.
(pdftex.def)             Requested size: 614.58406pt x 795.3441pt.


File: Bethe_1928_Final_Audited_Translation_rev20.pdf Graphic file (type pdf)
<use Bethe_1928_Final_Audited_Translation_rev20.pdf, page 6>
Package pdftex.def Info: Bethe_1928_Final_Audited_Translation_rev20.pdf , page6
 used on input line 36.
(pdftex.def)             Requested size: 614.58406pt x 795.3441pt.
[6

 <./Bethe_1928_Final_Audited_Translation_rev20.pdf>]
File: Bethe_1928_rev22_changed_pages.pdf Graphic file (type pdf)
<use Bethe_1928_rev22_changed_pages.pdf>
Package pdftex.def Info: Bethe_1928_rev22_changed_pages.pdf  used on input line
 39.
(pdftex.def)             Requested size: 614.29349pt x 794.96806pt.
<Bethe_1928_rev22_changed_pages.pdf, id=201, page=2, 614.295pt x 794.97pt>
File: Bethe_1928_rev22_changed_pages.pdf Graphic file (type pdf)
<use Bethe_1928_rev22_changed_pages.pdf, page 2>
Package pdftex.def Info: Bethe_1928_rev22_changed_pages.pdf , page2 used on inp
ut line 39.
(pdftex.def)             Requested size: 614.29349pt x 794.96806pt.
File: Bethe_1928_rev22_changed_pages.pdf Graphic file (type pdf)
<use Bethe_1928_rev22_changed_pages.pdf, page 2>
Package pdftex.def Info: Bethe_1928_rev22_changed_pages.pdf , page2 used on inp
ut line 39.
(pdftex.def)             Requested size: 614.58406pt x 795.3441pt.
File: Bethe_1928_rev22_changed_pages.pdf Graphic file (type pdf)
<use Bethe_1928_rev22_changed_pages.pdf, page 2>
Package pdftex.def Info: Bethe_1928_rev22_changed_pages.pdf , page2 used on inp
ut line 39.
(pdftex.def)             Requested size: 614.58406pt x 795.3441pt.
File: Bethe_1928_rev22_changed_pages.pdf Graphic file (type pdf)
<use Bethe_1928_rev22_changed_pages.pdf, page 2>
Package pdftex.def Info: Bethe_1928_rev22_changed_pages.pdf , page2 used on inp
ut line 39.
(pdftex.def)             Requested size: 614.58406pt x 795.3441pt.


File: Bethe_1928_rev22_changed_pages.pdf Graphic file (type pdf)
<use Bethe_1928_rev22_changed_pages.pdf, page 2>
Package pdftex.def Info: Bethe_1928_rev22_changed_pages.pdf , page2 used on inp
ut line 39.
(pdftex.def)             Requested size: 614.58406pt x 795.3441pt.
[7

 <./Bethe_1928_rev22_changed_pages.pdf>]
File: Bethe_1928_Final_Audited_Translation_rev20.pdf Graphic file (type pdf)
<use Bethe_1928_Final_Audited_Translation_rev20.pdf>
Package pdftex.def Info: Bethe_1928_Final_Audited_Translation_rev20.pdf  used o
n input line 42.
(pdftex.def)             Requested size: 614.29349pt x 794.96806pt.
<Bethe_1928_Final_Audited_Translation_rev20.pdf, id=207, page=8, 614.295pt x 79
4.97pt>
File: Bethe_1928_Final_Audited_Translation_rev20.pdf Graphic file (type pdf)
<use Bethe_1928_Final_Audited_Translation_rev20.pdf, page 8>
Package pdftex.def Info: Bethe_1928_Final_Audited_Translation_rev20.pdf , page8
 used on input line 42.
(pdftex.def)             Requested size: 614.29349pt x 794.96806pt.
File: Bethe_1928_Final_Audited_Translation_rev20.pdf Graphic file (type pdf)
<use Bethe_1928_Final_Audited_Translation_rev20.pdf, page 8>
Package pdftex.def Info: Bethe_1928_Final_Audited_Translation_rev20.pdf , page8
 used on input line 42.
(pdftex.def)             Requested size: 614.58406pt x 795.3441pt.
File: Bethe_1928_Final_Audited_Translation_rev20.pdf Graphic file (type pdf)
<use Bethe_1928_Final_Audited_Translation_rev20.pdf, page 8>
Package pdftex.def Info: Bethe_1928_Final_Audited_Translation_rev20.pdf , page8
 used on input line 42.
(pdftex.def)             Requested size: 614.58406pt x 795.3441pt.
File: Bethe_1928_Final_Audited_Translation_rev20.pdf Graphic file (type pdf)
<use Bethe_1928_Final_Audited_Translation_rev20.pdf, page 8>
Package pdftex.def Info: Bethe_1928_Final_Audited_Translation_rev20.pdf , page8
 used on input line 42.
(pdftex.def)             Requested size: 614.58406pt x 795.3441pt.


File: Bethe_1928_Final_Audited_Translation_rev20.pdf Graphic file (type pdf)
<use Bethe_1928_Final_Audited_Translation_rev20.pdf, page 8>
Package pdftex.def Info: Bethe_1928_Final_Audited_Translation_rev20.pdf , page8
 used on input line 42.
(pdftex.def)             Requested size: 614.58406pt x 795.3441pt.
[8

 <./Bethe_1928_Final_Audited_Translation_rev20.pdf>]
<Bethe_1928_Final_Audited_Translation_rev20.pdf, id=212, page=9, 614.295pt x 79
4.97pt>
File: Bethe_1928_Final_Audited_Translation_rev20.pdf Graphic file (type pdf)
<use Bethe_1928_Final_Audited_Translation_rev20.pdf, page 9>
Package pdftex.def Info: Bethe_1928_Final_Audited_Translation_rev20.pdf , page9
 used on input line 42.
(pdftex.def)             Requested size: 614.58406pt x 795.3441pt.
File: Bethe_1928_Final_Audited_Translation_rev20.pdf Graphic file (type pdf)
<use Bethe_1928_Final_Audited_Translation_rev20.pdf, page 9>
Package pdftex.def Info: Bethe_1928_Final_Audited_Translation_rev20.pdf , page9
 used on input line 42.
(pdftex.def)             Requested size: 614.58406pt x 795.3441pt.


File: Bethe_1928_Final_Audited_Translation_rev20.pdf Graphic file (type pdf)
<use Bethe_1928_Final_Audited_Translation_rev20.pdf, page 9>
Package pdftex.def Info: Bethe_1928_Final_Audited_Translation_rev20.pdf , page9
 used on input line 42.
(pdftex.def)             Requested size: 614.58406pt x 795.3441pt.
[9

 <./Bethe_1928_Final_Audited_Translation_rev20.pdf>]
<Bethe_1928_Final_Audited_Translation_rev20.pdf, id=216, page=10, 614.295pt x 7
94.97pt>
File: Bethe_1928_Final_Audited_Translation_rev20.pdf Graphic file (type pdf)
<use Bethe_1928_Final_Audited_Translation_rev20.pdf, page 10>
Package pdftex.def Info: Bethe_1928_Final_Audited_Translation_rev20.pdf , page1
0 used on input line 42.
(pdftex.def)             Requested size: 614.58406pt x 795.3441pt.
File: Bethe_1928_Final_Audited_Translation_rev20.pdf Graphic file (type pdf)
<use Bethe_1928_Final_Audited_Translation_rev20.pdf, page 10>
Package pdftex.def Info: Bethe_1928_Final_Audited_Translation_rev20.pdf , page1
0 used on input line 42.
(pdftex.def)             Requested size: 614.58406pt x 795.3441pt.


File: Bethe_1928_Final_Audited_Translation_rev20.pdf Graphic file (type pdf)
<use Bethe_1928_Final_Audited_Translation_rev20.pdf, page 10>
Package pdftex.def Info: Bethe_1928_Final_Audited_Translation_rev20.pdf , page1
0 used on input line 42.
(pdftex.def)             Requested size: 614.58406pt x 795.3441pt.
[10

 <./Bethe_1928_Final_Audited_Translation_rev20.pdf>]
<Bethe_1928_Final_Audited_Translation_rev20.pdf, id=221, page=11, 614.295pt x 7
94.97pt>
File: Bethe_1928_Final_Audited_Translation_rev20.pdf Graphic file (type pdf)
<use Bethe_1928_Final_Audited_Translation_rev20.pdf, page 11>
Package pdftex.def Info: Bethe_1928_Final_Audited_Translation_rev20.pdf , page1
1 used on input line 42.
(pdftex.def)             Requested size: 614.58406pt x 795.3441pt.
File: Bethe_1928_Final_Audited_Translation_rev20.pdf Graphic file (type pdf)
<use Bethe_1928_Final_Audited_Translation_rev20.pdf, page 11>
Package pdftex.def Info: Bethe_1928_Final_Audited_Translation_rev20.pdf , page1
1 used on input line 42.
(pdftex.def)             Requested size: 614.58406pt x 795.3441pt.


File: Bethe_1928_Final_Audited_Translation_rev20.pdf Graphic file (type pdf)
<use Bethe_1928_Final_Audited_Translation_rev20.pdf, page 11>
Package pdftex.def Info: Bethe_1928_Final_Audited_Translation_rev20.pdf , page1
1 used on input line 42.
(pdftex.def)             Requested size: 614.58406pt x 795.3441pt.
[11

 <./Bethe_1928_Final_Audited_Translation_rev20.pdf>]
<Bethe_1928_Final_Audited_Translation_rev20.pdf, id=226, page=12, 614.295pt x 7
94.97pt>
File: Bethe_1928_Final_Audited_Translation_rev20.pdf Graphic file (type pdf)
<use Bethe_1928_Final_Audited_Translation_rev20.pdf, page 12>
Package pdftex.def Info: Bethe_1928_Final_Audited_Translation_rev20.pdf , page1
2 used on input line 42.
(pdftex.def)             Requested size: 614.58406pt x 795.3441pt.
File: Bethe_1928_Final_Audited_Translation_rev20.pdf Graphic file (type pdf)
<use Bethe_1928_Final_Audited_Translation_rev20.pdf, page 12>
Package pdftex.def Info: Bethe_1928_Final_Audited_Translation_rev20.pdf , page1
2 used on input line 42.
(pdftex.def)             Requested size: 614.58406pt x 795.3441pt.


File: Bethe_1928_Final_Audited_Translation_rev20.pdf Graphic file (type pdf)
<use Bethe_1928_Final_Audited_Translation_rev20.pdf, page 12>
Package pdftex.def Info: Bethe_1928_Final_Audited_Translation_rev20.pdf , page1
2 used on input line 42.
(pdftex.def)             Requested size: 614.58406pt x 795.3441pt.
[12

 <./Bethe_1928_Final_Audited_Translation_rev20.pdf>]
File: Bethe_1928_rev22_changed_pages.pdf Graphic file (type pdf)
<use Bethe_1928_rev22_changed_pages.pdf>
Package pdftex.def Info: Bethe_1928_rev22_changed_pages.pdf  used on input line
 45.
(pdftex.def)             Requested size: 614.29349pt x 794.96806pt.
<Bethe_1928_rev22_changed_pages.pdf, id=232, page=3, 614.295pt x 794.97pt>
File: Bethe_1928_rev22_changed_pages.pdf Graphic file (type pdf)
<use Bethe_1928_rev22_changed_pages.pdf, page 3>
Package pdftex.def Info: Bethe_1928_rev22_changed_pages.pdf , page3 used on inp
ut line 45.
(pdftex.def)             Requested size: 614.29349pt x 794.96806pt.
File: Bethe_1928_rev22_changed_pages.pdf Graphic file (type pdf)
<use Bethe_1928_rev22_changed_pages.pdf, page 3>
Package pdftex.def Info: Bethe_1928_rev22_changed_pages.pdf , page3 used on inp
ut line 45.
(pdftex.def)             Requested size: 614.58406pt x 795.3441pt.
File: Bethe_1928_rev22_changed_pages.pdf Graphic file (type pdf)
<use Bethe_1928_rev22_changed_pages.pdf, page 3>
Package pdftex.def Info: Bethe_1928_rev22_changed_pages.pdf , page3 used on inp
ut line 45.
(pdftex.def)             Requested size: 614.58406pt x 795.3441pt.
File: Bethe_1928_rev22_changed_pages.pdf Graphic file (type pdf)
<use Bethe_1928_rev22_changed_pages.pdf, page 3>
Package pdftex.def Info: Bethe_1928_rev22_changed_pages.pdf , page3 used on inp
ut line 45.
(pdftex.def)             Requested size: 614.58406pt x 795.3441pt.


File: Bethe_1928_rev22_changed_pages.pdf Graphic file (type pdf)
<use Bethe_1928_rev22_changed_pages.pdf, page 3>
Package pdftex.def Info: Bethe_1928_rev22_changed_pages.pdf , page3 used on inp
ut line 45.
(pdftex.def)             Requested size: 614.58406pt x 795.3441pt.
[13

 <./Bethe_1928_rev22_changed_pages.pdf>]
<Bethe_1928_rev22_changed_pages.pdf, id=237, page=4, 614.295pt x 794.97pt>
File: Bethe_1928_rev22_changed_pages.pdf Graphic file (type pdf)
<use Bethe_1928_rev22_changed_pages.pdf, page 4>
Package pdftex.def Info: Bethe_1928_rev22_changed_pages.pdf , page4 used on inp
ut line 45.
(pdftex.def)             Requested size: 614.58406pt x 795.3441pt.
File: Bethe_1928_rev22_changed_pages.pdf Graphic file (type pdf)
<use Bethe_1928_rev22_changed_pages.pdf, page 4>
Package pdftex.def Info: Bethe_1928_rev22_changed_pages.pdf , page4 used on inp
ut line 45.
(pdftex.def)             Requested size: 614.58406pt x 795.3441pt.


File: Bethe_1928_rev22_changed_pages.pdf Graphic file (type pdf)
<use Bethe_1928_rev22_changed_pages.pdf, page 4>
Package pdftex.def Info: Bethe_1928_rev22_changed_pages.pdf , page4 used on inp
ut line 45.
(pdftex.def)             Requested size: 614.58406pt x 795.3441pt.
[14

 <./Bethe_1928_rev22_changed_pages.pdf>]
File: Bethe_1928_Final_Audited_Translation_rev20.pdf Graphic file (type pdf)
<use Bethe_1928_Final_Audited_Translation_rev20.pdf>
Package pdftex.def Info: Bethe_1928_Final_Audited_Translation_rev20.pdf  used o
n input line 48.
(pdftex.def)             Requested size: 614.29349pt x 794.96806pt.
<Bethe_1928_Final_Audited_Translation_rev20.pdf, id=242, page=15, 614.295pt x 7
94.97pt>
File: Bethe_1928_Final_Audited_Translation_rev20.pdf Graphic file (type pdf)
<use Bethe_1928_Final_Audited_Translation_rev20.pdf, page 15>
Package pdftex.def Info: Bethe_1928_Final_Audited_Translation_rev20.pdf , page1
5 used on input line 48.
(pdftex.def)             Requested size: 614.29349pt x 794.96806pt.
File: Bethe_1928_Final_Audited_Translation_rev20.pdf Graphic file (type pdf)
<use Bethe_1928_Final_Audited_Translation_rev20.pdf, page 15>
Package pdftex.def Info: Bethe_1928_Final_Audited_Translation_rev20.pdf , page1
5 used on input line 48.
(pdftex.def)             Requested size: 614.58406pt x 795.3441pt.
File: Bethe_1928_Final_Audited_Translation_rev20.pdf Graphic file (type pdf)
<use Bethe_1928_Final_Audited_Translation_rev20.pdf, page 15>
Package pdftex.def Info: Bethe_1928_Final_Audited_Translation_rev20.pdf , page1
5 used on input line 48.
(pdftex.def)             Requested size: 614.58406pt x 795.3441pt.
File: Bethe_1928_Final_Audited_Translation_rev20.pdf Graphic file (type pdf)
<use Bethe_1928_Final_Audited_Translation_rev20.pdf, page 15>
Package pdftex.def Info: Bethe_1928_Final_Audited_Translation_rev20.pdf , page1
5 used on input line 48.
(pdftex.def)             Requested size: 614.58406pt x 795.3441pt.


File: Bethe_1928_Final_Audited_Translation_rev20.pdf Graphic file (type pdf)
<use Bethe_1928_Final_Audited_Translation_rev20.pdf, page 15>
Package pdftex.def Info: Bethe_1928_Final_Audited_Translation_rev20.pdf , page1
5 used on input line 48.
(pdftex.def)             Requested size: 614.58406pt x 795.3441pt.
[15

 <./Bethe_1928_Final_Audited_Translation_rev20.pdf>]
File: Bethe_1928_rev22_changed_pages.pdf Graphic file (type pdf)
<use Bethe_1928_rev22_changed_pages.pdf>
Package pdftex.def Info: Bethe_1928_rev22_changed_pages.pdf  used on input line
 51.
(pdftex.def)             Requested size: 614.29349pt x 794.96806pt.
<Bethe_1928_rev22_changed_pages.pdf, id=247, page=5, 614.295pt x 794.97pt>
File: Bethe_1928_rev22_changed_pages.pdf Graphic file (type pdf)
<use Bethe_1928_rev22_changed_pages.pdf, page 5>
Package pdftex.def Info: Bethe_1928_rev22_changed_pages.pdf , page5 used on inp
ut line 51.
(pdftex.def)             Requested size: 614.29349pt x 794.96806pt.
File: Bethe_1928_rev22_changed_pages.pdf Graphic file (type pdf)
<use Bethe_1928_rev22_changed_pages.pdf, page 5>
Package pdftex.def Info: Bethe_1928_rev22_changed_pages.pdf , page5 used on inp
ut line 51.
(pdftex.def)             Requested size: 614.58406pt x 795.3441pt.
File: Bethe_1928_rev22_changed_pages.pdf Graphic file (type pdf)
<use Bethe_1928_rev22_changed_pages.pdf, page 5>
Package pdftex.def Info: Bethe_1928_rev22_changed_pages.pdf , page5 used on inp
ut line 51.
(pdftex.def)             Requested size: 614.58406pt x 795.3441pt.
File: Bethe_1928_rev22_changed_pages.pdf Graphic file (type pdf)
<use Bethe_1928_rev22_changed_pages.pdf, page 5>
Package pdftex.def Info: Bethe_1928_rev22_changed_pages.pdf , page5 used on inp
ut line 51.
(pdftex.def)             Requested size: 614.58406pt x 795.3441pt.


File: Bethe_1928_rev22_changed_pages.pdf Graphic file (type pdf)
<use Bethe_1928_rev22_changed_pages.pdf, page 5>
Package pdftex.def Info: Bethe_1928_rev22_changed_pages.pdf , page5 used on inp
ut line 51.
(pdftex.def)             Requested size: 614.58406pt x 795.3441pt.
[16

 <./Bethe_1928_rev22_changed_pages.pdf>]
File: Bethe_1928_Final_Audited_Translation_rev20.pdf Graphic file (type pdf)
<use Bethe_1928_Final_Audited_Translation_rev20.pdf>
Package pdftex.def Info: Bethe_1928_Final_Audited_Translation_rev20.pdf  used o
n input line 54.
(pdftex.def)             Requested size: 614.29349pt x 794.96806pt.
<Bethe_1928_Final_Audited_Translation_rev20.pdf, id=254, page=17, 614.295pt x 7
94.97pt>
File: Bethe_1928_Final_Audited_Translation_rev20.pdf Graphic file (type pdf)
<use Bethe_1928_Final_Audited_Translation_rev20.pdf, page 17>
Package pdftex.def Info: Bethe_1928_Final_Audited_Translation_rev20.pdf , page1
7 used on input line 54.
(pdftex.def)             Requested size: 614.29349pt x 794.96806pt.
File: Bethe_1928_Final_Audited_Translation_rev20.pdf Graphic file (type pdf)
<use Bethe_1928_Final_Audited_Translation_rev20.pdf, page 17>
Package pdftex.def Info: Bethe_1928_Final_Audited_Translation_rev20.pdf , page1
7 used on input line 54.
(pdftex.def)             Requested size: 614.58406pt x 795.3441pt.
File: Bethe_1928_Final_Audited_Translation_rev20.pdf Graphic file (type pdf)
<use Bethe_1928_Final_Audited_Translation_rev20.pdf, page 17>
Package pdftex.def Info: Bethe_1928_Final_Audited_Translation_rev20.pdf , page1
7 used on input line 54.
(pdftex.def)             Requested size: 614.58406pt x 795.3441pt.
File: Bethe_1928_Final_Audited_Translation_rev20.pdf Graphic file (type pdf)
<use Bethe_1928_Final_Audited_Translation_rev20.pdf, page 17>
Package pdftex.def Info: Bethe_1928_Final_Audited_Translation_rev20.pdf , page1
7 used on input line 54.
(pdftex.def)             Requested size: 614.58406pt x 795.3441pt.


File: Bethe_1928_Final_Audited_Translation_rev20.pdf Graphic file (type pdf)
<use Bethe_1928_Final_Audited_Translation_rev20.pdf, page 17>
Package pdftex.def Info: Bethe_1928_Final_Audited_Translation_rev20.pdf , page1
7 used on input line 54.
(pdftex.def)             Requested size: 614.58406pt x 795.3441pt.
[17

 <./Bethe_1928_Final_Audited_Translation_rev20.pdf>]
File: Bethe_1928_rev22_changed_pages.pdf Graphic file (type pdf)
<use Bethe_1928_rev22_changed_pages.pdf>
Package pdftex.def Info: Bethe_1928_rev22_changed_pages.pdf  used on input line
 57.
(pdftex.def)             Requested size: 614.29349pt x 794.96806pt.
<Bethe_1928_rev22_changed_pages.pdf, id=259, page=6, 614.295pt x 794.97pt>
File: Bethe_1928_rev22_changed_pages.pdf Graphic file (type pdf)
<use Bethe_1928_rev22_changed_pages.pdf, page 6>
Package pdftex.def Info: Bethe_1928_rev22_changed_pages.pdf , page6 used on inp
ut line 57.
(pdftex.def)             Requested size: 614.29349pt x 794.96806pt.
File: Bethe_1928_rev22_changed_pages.pdf Graphic file (type pdf)
<use Bethe_1928_rev22_changed_pages.pdf, page 6>
Package pdftex.def Info: Bethe_1928_rev22_changed_pages.pdf , page6 used on inp
ut line 57.
(pdftex.def)             Requested size: 614.58406pt x 795.3441pt.
File: Bethe_1928_rev22_changed_pages.pdf Graphic file (type pdf)
<use Bethe_1928_rev22_changed_pages.pdf, page 6>
Package pdftex.def Info: Bethe_1928_rev22_changed_pages.pdf , page6 used on inp
ut line 57.
(pdftex.def)             Requested size: 614.58406pt x 795.3441pt.
File: Bethe_1928_rev22_changed_pages.pdf Graphic file (type pdf)
<use Bethe_1928_rev22_changed_pages.pdf, page 6>
Package pdftex.def Info: Bethe_1928_rev22_changed_pages.pdf , page6 used on inp
ut line 57.
(pdftex.def)             Requested size: 614.58406pt x 795.3441pt.


File: Bethe_1928_rev22_changed_pages.pdf Graphic file (type pdf)
<use Bethe_1928_rev22_changed_pages.pdf, page 6>
Package pdftex.def Info: Bethe_1928_rev22_changed_pages.pdf , page6 used on inp
ut line 57.
(pdftex.def)             Requested size: 614.58406pt x 795.3441pt.
[18

 <./Bethe_1928_rev22_changed_pages.pdf>]
File: Bethe_1928_Final_Audited_Translation_rev20.pdf Graphic file (type pdf)
<use Bethe_1928_Final_Audited_Translation_rev20.pdf>
Package pdftex.def Info: Bethe_1928_Final_Audited_Translation_rev20.pdf  used o
n input line 60.
(pdftex.def)             Requested size: 614.29349pt x 794.96806pt.
<Bethe_1928_Final_Audited_Translation_rev20.pdf, id=264, page=19, 614.295pt x 7
94.97pt>
File: Bethe_1928_Final_Audited_Translation_rev20.pdf Graphic file (type pdf)
<use Bethe_1928_Final_Audited_Translation_rev20.pdf, page 19>
Package pdftex.def Info: Bethe_1928_Final_Audited_Translation_rev20.pdf , page1
9 used on input line 60.
(pdftex.def)             Requested size: 614.29349pt x 794.96806pt.
File: Bethe_1928_Final_Audited_Translation_rev20.pdf Graphic file (type pdf)
<use Bethe_1928_Final_Audited_Translation_rev20.pdf, page 19>
Package pdftex.def Info: Bethe_1928_Final_Audited_Translation_rev20.pdf , page1
9 used on input line 60.
(pdftex.def)             Requested size: 614.58406pt x 795.3441pt.
File: Bethe_1928_Final_Audited_Translation_rev20.pdf Graphic file (type pdf)
<use Bethe_1928_Final_Audited_Translation_rev20.pdf, page 19>
Package pdftex.def Info: Bethe_1928_Final_Audited_Translation_rev20.pdf , page1
9 used on input line 60.
(pdftex.def)             Requested size: 614.58406pt x 795.3441pt.
File: Bethe_1928_Final_Audited_Translation_rev20.pdf Graphic file (type pdf)
<use Bethe_1928_Final_Audited_Translation_rev20.pdf, page 19>
Package pdftex.def Info: Bethe_1928_Final_Audited_Translation_rev20.pdf , page1
9 used on input line 60.
(pdftex.def)             Requested size: 614.58406pt x 795.3441pt.


File: Bethe_1928_Final_Audited_Translation_rev20.pdf Graphic file (type pdf)
<use Bethe_1928_Final_Audited_Translation_rev20.pdf, page 19>
Package pdftex.def Info: Bethe_1928_Final_Audited_Translation_rev20.pdf , page1
9 used on input line 60.
(pdftex.def)             Requested size: 614.58406pt x 795.3441pt.
[19

 <./Bethe_1928_Final_Audited_Translation_rev20.pdf>]
<Bethe_1928_Final_Audited_Translation_rev20.pdf, id=269, page=20, 614.295pt x 7
94.97pt>
File: Bethe_1928_Final_Audited_Translation_rev20.pdf Graphic file (type pdf)
<use Bethe_1928_Final_Audited_Translation_rev20.pdf, page 20>
Package pdftex.def Info: Bethe_1928_Final_Audited_Translation_rev20.pdf , page2
0 used on input line 60.
(pdftex.def)             Requested size: 614.58406pt x 795.3441pt.
File: Bethe_1928_Final_Audited_Translation_rev20.pdf Graphic file (type pdf)
<use Bethe_1928_Final_Audited_Translation_rev20.pdf, page 20>
Package pdftex.def Info: Bethe_1928_Final_Audited_Translation_rev20.pdf , page2
0 used on input line 60.
(pdftex.def)             Requested size: 614.58406pt x 795.3441pt.


File: Bethe_1928_Final_Audited_Translation_rev20.pdf Graphic file (type pdf)
<use Bethe_1928_Final_Audited_Translation_rev20.pdf, page 20>
Package pdftex.def Info: Bethe_1928_Final_Audited_Translation_rev20.pdf , page2
0 used on input line 60.
(pdftex.def)             Requested size: 614.58406pt x 795.3441pt.
[20

 <./Bethe_1928_Final_Audited_Translation_rev20.pdf>]
<Bethe_1928_Final_Audited_Translation_rev20.pdf, id=273, page=21, 614.295pt x 7
94.97pt>
File: Bethe_1928_Final_Audited_Translation_rev20.pdf Graphic file (type pdf)
<use Bethe_1928_Final_Audited_Translation_rev20.pdf, page 21>
Package pdftex.def Info: Bethe_1928_Final_Audited_Translation_rev20.pdf , page2
1 used on input line 60.
(pdftex.def)             Requested size: 614.58406pt x 795.3441pt.
File: Bethe_1928_Final_Audited_Translation_rev20.pdf Graphic file (type pdf)
<use Bethe_1928_Final_Audited_Translation_rev20.pdf, page 21>
Package pdftex.def Info: Bethe_1928_Final_Audited_Translation_rev20.pdf , page2
1 used on input line 60.
(pdftex.def)             Requested size: 614.58406pt x 795.3441pt.


File: Bethe_1928_Final_Audited_Translation_rev20.pdf Graphic file (type pdf)
<use Bethe_1928_Final_Audited_Translation_rev20.pdf, page 21>
Package pdftex.def Info: Bethe_1928_Final_Audited_Translation_rev20.pdf , page2
1 used on input line 60.
(pdftex.def)             Requested size: 614.58406pt x 795.3441pt.
[21

 <./Bethe_1928_Final_Audited_Translation_rev20.pdf>]
<Bethe_1928_Final_Audited_Translation_rev20.pdf, id=277, page=22, 614.295pt x 7
94.97pt>
File: Bethe_1928_Final_Audited_Translation_rev20.pdf Graphic file (type pdf)
<use Bethe_1928_Final_Audited_Translation_rev20.pdf, page 22>
Package pdftex.def Info: Bethe_1928_Final_Audited_Translation_rev20.pdf , page2
2 used on input line 60.
(pdftex.def)             Requested size: 614.58406pt x 795.3441pt.
File: Bethe_1928_Final_Audited_Translation_rev20.pdf Graphic file (type pdf)
<use Bethe_1928_Final_Audited_Translation_rev20.pdf, page 22>
Package pdftex.def Info: Bethe_1928_Final_Audited_Translation_rev20.pdf , page2
2 used on input line 60.
(pdftex.def)             Requested size: 614.58406pt x 795.3441pt.


File: Bethe_1928_Final_Audited_Translation_rev20.pdf Graphic file (type pdf)
<use Bethe_1928_Final_Audited_Translation_rev20.pdf, page 22>
Package pdftex.def Info: Bethe_1928_Final_Audited_Translation_rev20.pdf , page2
2 used on input line 60.
(pdftex.def)             Requested size: 614.58406pt x 795.3441pt.
[22

 <./Bethe_1928_Final_Audited_Translation_rev20.pdf>]
<Bethe_1928_Final_Audited_Translation_rev20.pdf, id=288, page=23, 614.295pt x 7
94.97pt>
File: Bethe_1928_Final_Audited_Translation_rev20.pdf Graphic file (type pdf)
<use Bethe_1928_Final_Audited_Translation_rev20.pdf, page 23>
Package pdftex.def Info: Bethe_1928_Final_Audited_Translation_rev20.pdf , page2
3 used on input line 60.
(pdftex.def)             Requested size: 614.58406pt x 795.3441pt.
File: Bethe_1928_Final_Audited_Translation_rev20.pdf Graphic file (type pdf)
<use Bethe_1928_Final_Audited_Translation_rev20.pdf, page 23>
Package pdftex.def Info: Bethe_1928_Final_Audited_Translation_rev20.pdf , page2
3 used on input line 60.
(pdftex.def)             Requested size: 614.58406pt x 795.3441pt.


File: Bethe_1928_Final_Audited_Translation_rev20.pdf Graphic file (type pdf)
<use Bethe_1928_Final_Audited_Translation_rev20.pdf, page 23>
Package pdftex.def Info: Bethe_1928_Final_Audited_Translation_rev20.pdf , page2
3 used on input line 60.
(pdftex.def)             Requested size: 614.58406pt x 795.3441pt.
[23

 <./Bethe_1928_Final_Audited_Translation_rev20.pdf>]
<Bethe_1928_Final_Audited_Translation_rev20.pdf, id=292, page=24, 614.295pt x 7
94.97pt>
File: Bethe_1928_Final_Audited_Translation_rev20.pdf Graphic file (type pdf)
<use Bethe_1928_Final_Audited_Translation_rev20.pdf, page 24>
Package pdftex.def Info: Bethe_1928_Final_Audited_Translation_rev20.pdf , page2
4 used on input line 60.
(pdftex.def)             Requested size: 614.58406pt x 795.3441pt.
File: Bethe_1928_Final_Audited_Translation_rev20.pdf Graphic file (type pdf)
<use Bethe_1928_Final_Audited_Translation_rev20.pdf, page 24>
Package pdftex.def Info: Bethe_1928_Final_Audited_Translation_rev20.pdf , page2
4 used on input line 60.
(pdftex.def)             Requested size: 614.58406pt x 795.3441pt.


File: Bethe_1928_Final_Audited_Translation_rev20.pdf Graphic file (type pdf)
<use Bethe_1928_Final_Audited_Translation_rev20.pdf, page 24>
Package pdftex.def Info: Bethe_1928_Final_Audited_Translation_rev20.pdf , page2
4 used on input line 60.
(pdftex.def)             Requested size: 614.58406pt x 795.3441pt.
[24

 <./Bethe_1928_Final_Audited_Translation_rev20.pdf>]
<Bethe_1928_Final_Audited_Translation_rev20.pdf, id=296, page=25, 614.295pt x 7
94.97pt>
File: Bethe_1928_Final_Audited_Translation_rev20.pdf Graphic file (type pdf)
<use Bethe_1928_Final_Audited_Translation_rev20.pdf, page 25>
Package pdftex.def Info: Bethe_1928_Final_Audited_Translation_rev20.pdf , page2
5 used on input line 60.
(pdftex.def)             Requested size: 614.58406pt x 795.3441pt.
File: Bethe_1928_Final_Audited_Translation_rev20.pdf Graphic file (type pdf)
<use Bethe_1928_Final_Audited_Translation_rev20.pdf, page 25>
Package pdftex.def Info: Bethe_1928_Final_Audited_Translation_rev20.pdf , page2
5 used on input line 60.
(pdftex.def)             Requested size: 614.58406pt x 795.3441pt.


File: Bethe_1928_Final_Audited_Translation_rev20.pdf Graphic file (type pdf)
<use Bethe_1928_Final_Audited_Translation_rev20.pdf, page 25>
Package pdftex.def Info: Bethe_1928_Final_Audited_Translation_rev20.pdf , page2
5 used on input line 60.
(pdftex.def)             Requested size: 614.58406pt x 795.3441pt.
[25

 <./Bethe_1928_Final_Audited_Translation_rev20.pdf>]
<Bethe_1928_Final_Audited_Translation_rev20.pdf, id=303, page=26, 614.295pt x 7
94.97pt>
File: Bethe_1928_Final_Audited_Translation_rev20.pdf Graphic file (type pdf)
<use Bethe_1928_Final_Audited_Translation_rev20.pdf, page 26>
Package pdftex.def Info: Bethe_1928_Final_Audited_Translation_rev20.pdf , page2
6 used on input line 60.
(pdftex.def)             Requested size: 614.58406pt x 795.3441pt.
File: Bethe_1928_Final_Audited_Translation_rev20.pdf Graphic file (type pdf)
<use Bethe_1928_Final_Audited_Translation_rev20.pdf, page 26>
Package pdftex.def Info: Bethe_1928_Final_Audited_Translation_rev20.pdf , page2
6 used on input line 60.
(pdftex.def)             Requested size: 614.58406pt x 795.3441pt.


File: Bethe_1928_Final_Audited_Translation_rev20.pdf Graphic file (type pdf)
<use Bethe_1928_Final_Audited_Translation_rev20.pdf, page 26>
Package pdftex.def Info: Bethe_1928_Final_Audited_Translation_rev20.pdf , page2
6 used on input line 60.
(pdftex.def)             Requested size: 614.58406pt x 795.3441pt.
[26

 <./Bethe_1928_Final_Audited_Translation_rev20.pdf>]
<Bethe_1928_Final_Audited_Translation_rev20.pdf, id=307, page=27, 614.295pt x 7
94.97pt>
File: Bethe_1928_Final_Audited_Translation_rev20.pdf Graphic file (type pdf)
<use Bethe_1928_Final_Audited_Translation_rev20.pdf, page 27>
Package pdftex.def Info: Bethe_1928_Final_Audited_Translation_rev20.pdf , page2
7 used on input line 60.
(pdftex.def)             Requested size: 614.58406pt x 795.3441pt.
File: Bethe_1928_Final_Audited_Translation_rev20.pdf Graphic file (type pdf)
<use Bethe_1928_Final_Audited_Translation_rev20.pdf, page 27>
Package pdftex.def Info: Bethe_1928_Final_Audited_Translation_rev20.pdf , page2
7 used on input line 60.
(pdftex.def)             Requested size: 614.58406pt x 795.3441pt.


File: Bethe_1928_Final_Audited_Translation_rev20.pdf Graphic file (type pdf)
<use Bethe_1928_Final_Audited_Translation_rev20.pdf, page 27>
Package pdftex.def Info: Bethe_1928_Final_Audited_Translation_rev20.pdf , page2
7 used on input line 60.
(pdftex.def)             Requested size: 614.58406pt x 795.3441pt.
[27

 <./Bethe_1928_Final_Audited_Translation_rev20.pdf>]
<Bethe_1928_Final_Audited_Translation_rev20.pdf, id=318, page=28, 614.295pt x 7
94.97pt>
File: Bethe_1928_Final_Audited_Translation_rev20.pdf Graphic file (type pdf)
<use Bethe_1928_Final_Audited_Translation_rev20.pdf, page 28>
Package pdftex.def Info: Bethe_1928_Final_Audited_Translation_rev20.pdf , page2
8 used on input line 60.
(pdftex.def)             Requested size: 614.58406pt x 795.3441pt.
File: Bethe_1928_Final_Audited_Translation_rev20.pdf Graphic file (type pdf)
<use Bethe_1928_Final_Audited_Translation_rev20.pdf, page 28>
Package pdftex.def Info: Bethe_1928_Final_Audited_Translation_rev20.pdf , page2
8 used on input line 60.
(pdftex.def)             Requested size: 614.58406pt x 795.3441pt.


File: Bethe_1928_Final_Audited_Translation_rev20.pdf Graphic file (type pdf)
<use Bethe_1928_Final_Audited_Translation_rev20.pdf, page 28>
Package pdftex.def Info: Bethe_1928_Final_Audited_Translation_rev20.pdf , page2
8 used on input line 60.
(pdftex.def)             Requested size: 614.58406pt x 795.3441pt.
[28

 <./Bethe_1928_Final_Audited_Translation_rev20.pdf>]
<Bethe_1928_Final_Audited_Translation_rev20.pdf, id=322, page=29, 614.295pt x 7
94.97pt>
File: Bethe_1928_Final_Audited_Translation_rev20.pdf Graphic file (type pdf)
<use Bethe_1928_Final_Audited_Translation_rev20.pdf, page 29>
Package pdftex.def Info: Bethe_1928_Final_Audited_Translation_rev20.pdf , page2
9 used on input line 60.
(pdftex.def)             Requested size: 614.58406pt x 795.3441pt.
File: Bethe_1928_Final_Audited_Translation_rev20.pdf Graphic file (type pdf)
<use Bethe_1928_Final_Audited_Translation_rev20.pdf, page 29>
Package pdftex.def Info: Bethe_1928_Final_Audited_Translation_rev20.pdf , page2
9 used on input line 60.
(pdftex.def)             Requested size: 614.58406pt x 795.3441pt.


File: Bethe_1928_Final_Audited_Translation_rev20.pdf Graphic file (type pdf)
<use Bethe_1928_Final_Audited_Translation_rev20.pdf, page 29>
Package pdftex.def Info: Bethe_1928_Final_Audited_Translation_rev20.pdf , page2
9 used on input line 60.
(pdftex.def)             Requested size: 614.58406pt x 795.3441pt.
[29

 <./Bethe_1928_Final_Audited_Translation_rev20.pdf>]
<Bethe_1928_Final_Audited_Translation_rev20.pdf, id=326, page=30, 614.295pt x 7
94.97pt>
File: Bethe_1928_Final_Audited_Translation_rev20.pdf Graphic file (type pdf)
<use Bethe_1928_Final_Audited_Translation_rev20.pdf, page 30>
Package pdftex.def Info: Bethe_1928_Final_Audited_Translation_rev20.pdf , page3
0 used on input line 60.
(pdftex.def)             Requested size: 614.58406pt x 795.3441pt.
File: Bethe_1928_Final_Audited_Translation_rev20.pdf Graphic file (type pdf)
<use Bethe_1928_Final_Audited_Translation_rev20.pdf, page 30>
Package pdftex.def Info: Bethe_1928_Final_Audited_Translation_rev20.pdf , page3
0 used on input line 60.
(pdftex.def)             Requested size: 614.58406pt x 795.3441pt.


File: Bethe_1928_Final_Audited_Translation_rev20.pdf Graphic file (type pdf)
<use Bethe_1928_Final_Audited_Translation_rev20.pdf, page 30>
Package pdftex.def Info: Bethe_1928_Final_Audited_Translation_rev20.pdf , page3
0 used on input line 60.
(pdftex.def)             Requested size: 614.58406pt x 795.3441pt.
[30

 <./Bethe_1928_Final_Audited_Translation_rev20.pdf>]
<Bethe_1928_Final_Audited_Translation_rev20.pdf, id=330, page=31, 614.295pt x 7
94.97pt>
File: Bethe_1928_Final_Audited_Translation_rev20.pdf Graphic file (type pdf)
<use Bethe_1928_Final_Audited_Translation_rev20.pdf, page 31>
Package pdftex.def Info: Bethe_1928_Final_Audited_Translation_rev20.pdf , page3
1 used on input line 60.
(pdftex.def)             Requested size: 614.58406pt x 795.3441pt.
File: Bethe_1928_Final_Audited_Translation_rev20.pdf Graphic file (type pdf)
<use Bethe_1928_Final_Audited_Translation_rev20.pdf, page 31>
Package pdftex.def Info: Bethe_1928_Final_Audited_Translation_rev20.pdf , page3
1 used on input line 60.
(pdftex.def)             Requested size: 614.58406pt x 795.3441pt.


File: Bethe_1928_Final_Audited_Translation_rev20.pdf Graphic file (type pdf)
<use Bethe_1928_Final_Audited_Translation_rev20.pdf, page 31>
Package pdftex.def Info: Bethe_1928_Final_Audited_Translation_rev20.pdf , page3
1 used on input line 60.
(pdftex.def)             Requested size: 614.58406pt x 795.3441pt.
[31

 <./Bethe_1928_Final_Audited_Translation_rev20.pdf>]
<Bethe_1928_Final_Audited_Translation_rev20.pdf, id=335, page=32, 614.295pt x 7
94.97pt>
File: Bethe_1928_Final_Audited_Translation_rev20.pdf Graphic file (type pdf)
<use Bethe_1928_Final_Audited_Translation_rev20.pdf, page 32>
Package pdftex.def Info: Bethe_1928_Final_Audited_Translation_rev20.pdf , page3
2 used on input line 60.
(pdftex.def)             Requested size: 614.58406pt x 795.3441pt.
File: Bethe_1928_Final_Audited_Translation_rev20.pdf Graphic file (type pdf)
<use Bethe_1928_Final_Audited_Translation_rev20.pdf, page 32>
Package pdftex.def Info: Bethe_1928_Final_Audited_Translation_rev20.pdf , page3
2 used on input line 60.
(pdftex.def)             Requested size: 614.58406pt x 795.3441pt.


File: Bethe_1928_Final_Audited_Translation_rev20.pdf Graphic file (type pdf)
<use Bethe_1928_Final_Audited_Translation_rev20.pdf, page 32>
Package pdftex.def Info: Bethe_1928_Final_Audited_Translation_rev20.pdf , page3
2 used on input line 60.
(pdftex.def)             Requested size: 614.58406pt x 795.3441pt.
[32

 <./Bethe_1928_Final_Audited_Translation_rev20.pdf>]
<Bethe_1928_Final_Audited_Translation_rev20.pdf, id=339, page=33, 614.295pt x 7
94.97pt>
File: Bethe_1928_Final_Audited_Translation_rev20.pdf Graphic file (type pdf)
<use Bethe_1928_Final_Audited_Translation_rev20.pdf, page 33>
Package pdftex.def Info: Bethe_1928_Final_Audited_Translation_rev20.pdf , page3
3 used on input line 60.
(pdftex.def)             Requested size: 614.58406pt x 795.3441pt.
File: Bethe_1928_Final_Audited_Translation_rev20.pdf Graphic file (type pdf)
<use Bethe_1928_Final_Audited_Translation_rev20.pdf, page 33>
Package pdftex.def Info: Bethe_1928_Final_Audited_Translation_rev20.pdf , page3
3 used on input line 60.
(pdftex.def)             Requested size: 614.58406pt x 795.3441pt.


File: Bethe_1928_Final_Audited_Translation_rev20.pdf Graphic file (type pdf)
<use Bethe_1928_Final_Audited_Translation_rev20.pdf, page 33>
Package pdftex.def Info: Bethe_1928_Final_Audited_Translation_rev20.pdf , page3
3 used on input line 60.
(pdftex.def)             Requested size: 614.58406pt x 795.3441pt.
[33

 <./Bethe_1928_Final_Audited_Translation_rev20.pdf>]
<Bethe_1928_Final_Audited_Translation_rev20.pdf, id=343, page=34, 614.295pt x 7
94.97pt>
File: Bethe_1928_Final_Audited_Translation_rev20.pdf Graphic file (type pdf)
<use Bethe_1928_Final_Audited_Translation_rev20.pdf, page 34>
Package pdftex.def Info: Bethe_1928_Final_Audited_Translation_rev20.pdf , page3
4 used on input line 60.
(pdftex.def)             Requested size: 614.58406pt x 795.3441pt.
File: Bethe_1928_Final_Audited_Translation_rev20.pdf Graphic file (type pdf)
<use Bethe_1928_Final_Audited_Translation_rev20.pdf, page 34>
Package pdftex.def Info: Bethe_1928_Final_Audited_Translation_rev20.pdf , page3
4 used on input line 60.
(pdftex.def)             Requested size: 614.58406pt x 795.3441pt.


File: Bethe_1928_Final_Audited_Translation_rev20.pdf Graphic file (type pdf)
<use Bethe_1928_Final_Audited_Translation_rev20.pdf, page 34>
Package pdftex.def Info: Bethe_1928_Final_Audited_Translation_rev20.pdf , page3
4 used on input line 60.
(pdftex.def)             Requested size: 614.58406pt x 795.3441pt.
[34

 <./Bethe_1928_Final_Audited_Translation_rev20.pdf>]
<Bethe_1928_Final_Audited_Translation_rev20.pdf, id=347, page=35, 614.295pt x 7
94.97pt>
File: Bethe_1928_Final_Audited_Translation_rev20.pdf Graphic file (type pdf)
<use Bethe_1928_Final_Audited_Translation_rev20.pdf, page 35>
Package pdftex.def Info: Bethe_1928_Final_Audited_Translation_rev20.pdf , page3
5 used on input line 60.
(pdftex.def)             Requested size: 614.58406pt x 795.3441pt.
File: Bethe_1928_Final_Audited_Translation_rev20.pdf Graphic file (type pdf)
<use Bethe_1928_Final_Audited_Translation_rev20.pdf, page 35>
Package pdftex.def Info: Bethe_1928_Final_Audited_Translation_rev20.pdf , page3
5 used on input line 60.
(pdftex.def)             Requested size: 614.58406pt x 795.3441pt.


File: Bethe_1928_Final_Audited_Translation_rev20.pdf Graphic file (type pdf)
<use Bethe_1928_Final_Audited_Translation_rev20.pdf, page 35>
Package pdftex.def Info: Bethe_1928_Final_Audited_Translation_rev20.pdf , page3
5 used on input line 60.
(pdftex.def)             Requested size: 614.58406pt x 795.3441pt.
[35

 <./Bethe_1928_Final_Audited_Translation_rev20.pdf{/var/lib/texmf/fonts/map/pdf
tex/updmap/pdftex.map}>]
File: Bethe_1928_rev22_changed_pages.pdf Graphic file (type pdf)
<use Bethe_1928_rev22_changed_pages.pdf>
Package pdftex.def Info: Bethe_1928_rev22_changed_pages.pdf  used on input line
 63.
(pdftex.def)             Requested size: 614.29349pt x 794.96806pt.
<Bethe_1928_rev22_changed_pages.pdf, id=365, page=7, 614.295pt x 794.97pt>
File: Bethe_1928_rev22_changed_pages.pdf Graphic file (type pdf)
<use Bethe_1928_rev22_changed_pages.pdf, page 7>
Package pdftex.def Info: Bethe_1928_rev22_changed_pages.pdf , page7 used on inp
ut line 63.
(pdftex.def)             Requested size: 614.29349pt x 794.96806pt.
File: Bethe_1928_rev22_changed_pages.pdf Graphic file (type pdf)
<use Bethe_1928_rev22_changed_pages.pdf, page 7>
Package pdftex.def Info: Bethe_1928_rev22_changed_pages.pdf , page7 used on inp
ut line 63.
(pdftex.def)             Requested size: 614.58406pt x 795.3441pt.
File: Bethe_1928_rev22_changed_pages.pdf Graphic file (type pdf)
<use Bethe_1928_rev22_changed_pages.pdf, page 7>
Package pdftex.def Info: Bethe_1928_rev22_changed_pages.pdf , page7 used on inp
ut line 63.
(pdftex.def)             Requested size: 614.58406pt x 795.3441pt.
File: Bethe_1928_rev22_changed_pages.pdf Graphic file (type pdf)
<use Bethe_1928_rev22_changed_pages.pdf, page 7>
Package pdftex.def Info: Bethe_1928_rev22_changed_pages.pdf , page7 used on inp
ut line 63.
(pdftex.def)             Requested size: 614.58406pt x 795.3441pt.


File: Bethe_1928_rev22_changed_pages.pdf Graphic file (type pdf)
<use Bethe_1928_rev22_changed_pages.pdf, page 7>
Package pdftex.def Info: Bethe_1928_rev22_changed_pages.pdf , page7 used on inp
ut line 63.
(pdftex.def)             Requested size: 614.58406pt x 795.3441pt.
[36

 <./Bethe_1928_rev22_changed_pages.pdf>]
File: Bethe_1928_Final_Audited_Translation_rev20.pdf Graphic file (type pdf)
<use Bethe_1928_Final_Audited_Translation_rev20.pdf>
Package pdftex.def Info: Bethe_1928_Final_Audited_Translation_rev20.pdf  used o
n input line 66.
(pdftex.def)             Requested size: 614.29349pt x 794.96806pt.
<Bethe_1928_Final_Audited_Translation_rev20.pdf, id=370, page=37, 614.295pt x 7
94.97pt>
File: Bethe_1928_Final_Audited_Translation_rev20.pdf Graphic file (type pdf)
<use Bethe_1928_Final_Audited_Translation_rev20.pdf, page 37>
Package pdftex.def Info: Bethe_1928_Final_Audited_Translation_rev20.pdf , page3
7 used on input line 66.
(pdftex.def)             Requested size: 614.29349pt x 794.96806pt.
File: Bethe_1928_Final_Audited_Translation_rev20.pdf Graphic file (type pdf)
<use Bethe_1928_Final_Audited_Translation_rev20.pdf, page 37>
Package pdftex.def Info: Bethe_1928_Final_Audited_Translation_rev20.pdf , page3
7 used on input line 66.
(pdftex.def)             Requested size: 614.58406pt x 795.3441pt.
File: Bethe_1928_Final_Audited_Translation_rev20.pdf Graphic file (type pdf)
<use Bethe_1928_Final_Audited_Translation_rev20.pdf, page 37>
Package pdftex.def Info: Bethe_1928_Final_Audited_Translation_rev20.pdf , page3
7 used on input line 66.
(pdftex.def)             Requested size: 614.58406pt x 795.3441pt.
File: Bethe_1928_Final_Audited_Translation_rev20.pdf Graphic file (type pdf)
<use Bethe_1928_Final_Audited_Translation_rev20.pdf, page 37>
Package pdftex.def Info: Bethe_1928_Final_Audited_Translation_rev20.pdf , page3
7 used on input line 66.
(pdftex.def)             Requested size: 614.58406pt x 795.3441pt.


File: Bethe_1928_Final_Audited_Translation_rev20.pdf Graphic file (type pdf)
<use Bethe_1928_Final_Audited_Translation_rev20.pdf, page 37>
Package pdftex.def Info: Bethe_1928_Final_Audited_Translation_rev20.pdf , page3
7 used on input line 66.
(pdftex.def)             Requested size: 614.58406pt x 795.3441pt.
[37

 <./Bethe_1928_Final_Audited_Translation_rev20.pdf>]
<Bethe_1928_Final_Audited_Translation_rev20.pdf, id=376, page=38, 614.295pt x 7
94.97pt>
File: Bethe_1928_Final_Audited_Translation_rev20.pdf Graphic file (type pdf)
<use Bethe_1928_Final_Audited_Translation_rev20.pdf, page 38>
Package pdftex.def Info: Bethe_1928_Final_Audited_Translation_rev20.pdf , page3
8 used on input line 66.
(pdftex.def)             Requested size: 614.58406pt x 795.3441pt.
File: Bethe_1928_Final_Audited_Translation_rev20.pdf Graphic file (type pdf)
<use Bethe_1928_Final_Audited_Translation_rev20.pdf, page 38>
Package pdftex.def Info: Bethe_1928_Final_Audited_Translation_rev20.pdf , page3
8 used on input line 66.
(pdftex.def)             Requested size: 614.58406pt x 795.3441pt.


File: Bethe_1928_Final_Audited_Translation_rev20.pdf Graphic file (type pdf)
<use Bethe_1928_Final_Audited_Translation_rev20.pdf, page 38>
Package pdftex.def Info: Bethe_1928_Final_Audited_Translation_rev20.pdf , page3
8 used on input line 66.
(pdftex.def)             Requested size: 614.58406pt x 795.3441pt.
[38

 <./Bethe_1928_Final_Audited_Translation_rev20.pdf>]
<Bethe_1928_Final_Audited_Translation_rev20.pdf, id=380, page=39, 614.295pt x 7
94.97pt>
File: Bethe_1928_Final_Audited_Translation_rev20.pdf Graphic file (type pdf)
<use Bethe_1928_Final_Audited_Translation_rev20.pdf, page 39>
Package pdftex.def Info: Bethe_1928_Final_Audited_Translation_rev20.pdf , page3
9 used on input line 66.
(pdftex.def)             Requested size: 614.58406pt x 795.3441pt.
File: Bethe_1928_Final_Audited_Translation_rev20.pdf Graphic file (type pdf)
<use Bethe_1928_Final_Audited_Translation_rev20.pdf, page 39>
Package pdftex.def Info: Bethe_1928_Final_Audited_Translation_rev20.pdf , page3
9 used on input line 66.
(pdftex.def)             Requested size: 614.58406pt x 795.3441pt.


File: Bethe_1928_Final_Audited_Translation_rev20.pdf Graphic file (type pdf)
<use Bethe_1928_Final_Audited_Translation_rev20.pdf, page 39>
Package pdftex.def Info: Bethe_1928_Final_Audited_Translation_rev20.pdf , page3
9 used on input line 66.
(pdftex.def)             Requested size: 614.58406pt x 795.3441pt.
[39

 <./Bethe_1928_Final_Audited_Translation_rev20.pdf>]
<Bethe_1928_Final_Audited_Translation_rev20.pdf, id=384, page=40, 614.295pt x 7
94.97pt>
File: Bethe_1928_Final_Audited_Translation_rev20.pdf Graphic file (type pdf)
<use Bethe_1928_Final_Audited_Translation_rev20.pdf, page 40>
Package pdftex.def Info: Bethe_1928_Final_Audited_Translation_rev20.pdf , page4
0 used on input line 66.
(pdftex.def)             Requested size: 614.58406pt x 795.3441pt.
File: Bethe_1928_Final_Audited_Translation_rev20.pdf Graphic file (type pdf)
<use Bethe_1928_Final_Audited_Translation_rev20.pdf, page 40>
Package pdftex.def Info: Bethe_1928_Final_Audited_Translation_rev20.pdf , page4
0 used on input line 66.
(pdftex.def)             Requested size: 614.58406pt x 795.3441pt.


File: Bethe_1928_Final_Audited_Translation_rev20.pdf Graphic file (type pdf)
<use Bethe_1928_Final_Audited_Translation_rev20.pdf, page 40>
Package pdftex.def Info: Bethe_1928_Final_Audited_Translation_rev20.pdf , page4
0 used on input line 66.
(pdftex.def)             Requested size: 614.58406pt x 795.3441pt.
[40

 <./Bethe_1928_Final_Audited_Translation_rev20.pdf>]
<Bethe_1928_Final_Audited_Translation_rev20.pdf, id=388, page=41, 614.295pt x 7
94.97pt>
File: Bethe_1928_Final_Audited_Translation_rev20.pdf Graphic file (type pdf)
<use Bethe_1928_Final_Audited_Translation_rev20.pdf, page 41>
Package pdftex.def Info: Bethe_1928_Final_Audited_Translation_rev20.pdf , page4
1 used on input line 66.
(pdftex.def)             Requested size: 614.58406pt x 795.3441pt.
File: Bethe_1928_Final_Audited_Translation_rev20.pdf Graphic file (type pdf)
<use Bethe_1928_Final_Audited_Translation_rev20.pdf, page 41>
Package pdftex.def Info: Bethe_1928_Final_Audited_Translation_rev20.pdf , page4
1 used on input line 66.
(pdftex.def)             Requested size: 614.58406pt x 795.3441pt.


File: Bethe_1928_Final_Audited_Translation_rev20.pdf Graphic file (type pdf)
<use Bethe_1928_Final_Audited_Translation_rev20.pdf, page 41>
Package pdftex.def Info: Bethe_1928_Final_Audited_Translation_rev20.pdf , page4
1 used on input line 66.
(pdftex.def)             Requested size: 614.58406pt x 795.3441pt.
[41

 <./Bethe_1928_Final_Audited_Translation_rev20.pdf>]
<Bethe_1928_Final_Audited_Translation_rev20.pdf, id=393, page=42, 614.295pt x 7
94.97pt>
File: Bethe_1928_Final_Audited_Translation_rev20.pdf Graphic file (type pdf)
<use Bethe_1928_Final_Audited_Translation_rev20.pdf, page 42>
Package pdftex.def Info: Bethe_1928_Final_Audited_Translation_rev20.pdf , page4
2 used on input line 66.
(pdftex.def)             Requested size: 614.58406pt x 795.3441pt.
File: Bethe_1928_Final_Audited_Translation_rev20.pdf Graphic file (type pdf)
<use Bethe_1928_Final_Audited_Translation_rev20.pdf, page 42>
Package pdftex.def Info: Bethe_1928_Final_Audited_Translation_rev20.pdf , page4
2 used on input line 66.
(pdftex.def)             Requested size: 614.58406pt x 795.3441pt.


File: Bethe_1928_Final_Audited_Translation_rev20.pdf Graphic file (type pdf)
<use Bethe_1928_Final_Audited_Translation_rev20.pdf, page 42>
Package pdftex.def Info: Bethe_1928_Final_Audited_Translation_rev20.pdf , page4
2 used on input line 66.
(pdftex.def)             Requested size: 614.58406pt x 795.3441pt.
[42

 <./Bethe_1928_Final_Audited_Translation_rev20.pdf>]
<Bethe_1928_Final_Audited_Translation_rev20.pdf, id=397, page=43, 614.295pt x 7
94.97pt>
File: Bethe_1928_Final_Audited_Translation_rev20.pdf Graphic file (type pdf)
<use Bethe_1928_Final_Audited_Translation_rev20.pdf, page 43>
Package pdftex.def Info: Bethe_1928_Final_Audited_Translation_rev20.pdf , page4
3 used on input line 66.
(pdftex.def)             Requested size: 614.58406pt x 795.3441pt.
File: Bethe_1928_Final_Audited_Translation_rev20.pdf Graphic file (type pdf)
<use Bethe_1928_Final_Audited_Translation_rev20.pdf, page 43>
Package pdftex.def Info: Bethe_1928_Final_Audited_Translation_rev20.pdf , page4
3 used on input line 66.
(pdftex.def)             Requested size: 614.58406pt x 795.3441pt.


File: Bethe_1928_Final_Audited_Translation_rev20.pdf Graphic file (type pdf)
<use Bethe_1928_Final_Audited_Translation_rev20.pdf, page 43>
Package pdftex.def Info: Bethe_1928_Final_Audited_Translation_rev20.pdf , page4
3 used on input line 66.
(pdftex.def)             Requested size: 614.58406pt x 795.3441pt.
[43

 <./Bethe_1928_Final_Audited_Translation_rev20.pdf>]
<Bethe_1928_Final_Audited_Translation_rev20.pdf, id=402, page=44, 614.295pt x 7
94.97pt>
File: Bethe_1928_Final_Audited_Translation_rev20.pdf Graphic file (type pdf)
<use Bethe_1928_Final_Audited_Translation_rev20.pdf, page 44>
Package pdftex.def Info: Bethe_1928_Final_Audited_Translation_rev20.pdf , page4
4 used on input line 66.
(pdftex.def)             Requested size: 614.58406pt x 795.3441pt.
File: Bethe_1928_Final_Audited_Translation_rev20.pdf Graphic file (type pdf)
<use Bethe_1928_Final_Audited_Translation_rev20.pdf, page 44>
Package pdftex.def Info: Bethe_1928_Final_Audited_Translation_rev20.pdf , page4
4 used on input line 66.
(pdftex.def)             Requested size: 614.58406pt x 795.3441pt.


File: Bethe_1928_Final_Audited_Translation_rev20.pdf Graphic file (type pdf)
<use Bethe_1928_Final_Audited_Translation_rev20.pdf, page 44>
Package pdftex.def Info: Bethe_1928_Final_Audited_Translation_rev20.pdf , page4
4 used on input line 66.
(pdftex.def)             Requested size: 614.58406pt x 795.3441pt.
[44

 <./Bethe_1928_Final_Audited_Translation_rev20.pdf>]
<Bethe_1928_Final_Audited_Translation_rev20.pdf, id=407, page=45, 614.295pt x 7
94.97pt>
File: Bethe_1928_Final_Audited_Translation_rev20.pdf Graphic file (type pdf)
<use Bethe_1928_Final_Audited_Translation_rev20.pdf, page 45>
Package pdftex.def Info: Bethe_1928_Final_Audited_Translation_rev20.pdf , page4
5 used on input line 66.
(pdftex.def)             Requested size: 614.58406pt x 795.3441pt.
File: Bethe_1928_Final_Audited_Translation_rev20.pdf Graphic file (type pdf)
<use Bethe_1928_Final_Audited_Translation_rev20.pdf, page 45>
Package pdftex.def Info: Bethe_1928_Final_Audited_Translation_rev20.pdf , page4
5 used on input line 66.
(pdftex.def)             Requested size: 614.58406pt x 795.3441pt.


File: Bethe_1928_Final_Audited_Translation_rev20.pdf Graphic file (type pdf)
<use Bethe_1928_Final_Audited_Translation_rev20.pdf, page 45>
Package pdftex.def Info: Bethe_1928_Final_Audited_Translation_rev20.pdf , page4
5 used on input line 66.
(pdftex.def)             Requested size: 614.58406pt x 795.3441pt.
[45

 <./Bethe_1928_Final_Audited_Translation_rev20.pdf>]
<Bethe_1928_Final_Audited_Translation_rev20.pdf, id=411, page=46, 614.295pt x 7
94.97pt>
File: Bethe_1928_Final_Audited_Translation_rev20.pdf Graphic file (type pdf)
<use Bethe_1928_Final_Audited_Translation_rev20.pdf, page 46>
Package pdftex.def Info: Bethe_1928_Final_Audited_Translation_rev20.pdf , page4
6 used on input line 66.
(pdftex.def)             Requested size: 614.58406pt x 795.3441pt.
File: Bethe_1928_Final_Audited_Translation_rev20.pdf Graphic file (type pdf)
<use Bethe_1928_Final_Audited_Translation_rev20.pdf, page 46>
Package pdftex.def Info: Bethe_1928_Final_Audited_Translation_rev20.pdf , page4
6 used on input line 66.
(pdftex.def)             Requested size: 614.58406pt x 795.3441pt.


File: Bethe_1928_Final_Audited_Translation_rev20.pdf Graphic file (type pdf)
<use Bethe_1928_Final_Audited_Translation_rev20.pdf, page 46>
Package pdftex.def Info: Bethe_1928_Final_Audited_Translation_rev20.pdf , page4
6 used on input line 66.
(pdftex.def)             Requested size: 614.58406pt x 795.3441pt.
[46

 <./Bethe_1928_Final_Audited_Translation_rev20.pdf>]
<Bethe_1928_Final_Audited_Translation_rev20.pdf, id=417, page=47, 614.295pt x 7
94.97pt>
File: Bethe_1928_Final_Audited_Translation_rev20.pdf Graphic file (type pdf)
<use Bethe_1928_Final_Audited_Translation_rev20.pdf, page 47>
Package pdftex.def Info: Bethe_1928_Final_Audited_Translation_rev20.pdf , page4
7 used on input line 66.
(pdftex.def)             Requested size: 614.58406pt x 795.3441pt.
File: Bethe_1928_Final_Audited_Translation_rev20.pdf Graphic file (type pdf)
<use Bethe_1928_Final_Audited_Translation_rev20.pdf, page 47>
Package pdftex.def Info: Bethe_1928_Final_Audited_Translation_rev20.pdf , page4
7 used on input line 66.
(pdftex.def)             Requested size: 614.58406pt x 795.3441pt.


File: Bethe_1928_Final_Audited_Translation_rev20.pdf Graphic file (type pdf)
<use Bethe_1928_Final_Audited_Translation_rev20.pdf, page 47>
Package pdftex.def Info: Bethe_1928_Final_Audited_Translation_rev20.pdf , page4
7 used on input line 66.
(pdftex.def)             Requested size: 614.58406pt x 795.3441pt.
[47

 <./Bethe_1928_Final_Audited_Translation_rev20.pdf>]
File: Bethe_1928_rev22_changed_pages.pdf Graphic file (type pdf)
<use Bethe_1928_rev22_changed_pages.pdf>
Package pdftex.def Info: Bethe_1928_rev22_changed_pages.pdf  used on input line
 69.
(pdftex.def)             Requested size: 614.29349pt x 794.96806pt.
<Bethe_1928_rev22_changed_pages.pdf, id=422, page=8, 614.295pt x 794.97pt>
File: Bethe_1928_rev22_changed_pages.pdf Graphic file (type pdf)
<use Bethe_1928_rev22_changed_pages.pdf, page 8>
Package pdftex.def Info: Bethe_1928_rev22_changed_pages.pdf , page8 used on inp
ut line 69.
(pdftex.def)             Requested size: 614.29349pt x 794.96806pt.
File: Bethe_1928_rev22_changed_pages.pdf Graphic file (type pdf)
<use Bethe_1928_rev22_changed_pages.pdf, page 8>
Package pdftex.def Info: Bethe_1928_rev22_changed_pages.pdf , page8 used on inp
ut line 69.
(pdftex.def)             Requested size: 614.58406pt x 795.3441pt.
File: Bethe_1928_rev22_changed_pages.pdf Graphic file (type pdf)
<use Bethe_1928_rev22_changed_pages.pdf, page 8>
Package pdftex.def Info: Bethe_1928_rev22_changed_pages.pdf , page8 used on inp
ut line 69.
(pdftex.def)             Requested size: 614.58406pt x 795.3441pt.
File: Bethe_1928_rev22_changed_pages.pdf Graphic file (type pdf)
<use Bethe_1928_rev22_changed_pages.pdf, page 8>
Package pdftex.def Info: Bethe_1928_rev22_changed_pages.pdf , page8 used on inp
ut line 69.
(pdftex.def)             Requested size: 614.58406pt x 795.3441pt.


File: Bethe_1928_rev22_changed_pages.pdf Graphic file (type pdf)
<use Bethe_1928_rev22_changed_pages.pdf, page 8>
Package pdftex.def Info: Bethe_1928_rev22_changed_pages.pdf , page8 used on inp
ut line 69.
(pdftex.def)             Requested size: 614.58406pt x 795.3441pt.
[48

 <./Bethe_1928_rev22_changed_pages.pdf>]
<Bethe_1928_rev22_changed_pages.pdf, id=426, page=9, 614.295pt x 794.97pt>
File: Bethe_1928_rev22_changed_pages.pdf Graphic file (type pdf)
<use Bethe_1928_rev22_changed_pages.pdf, page 9>
Package pdftex.def Info: Bethe_1928_rev22_changed_pages.pdf , page9 used on inp
ut line 69.
(pdftex.def)             Requested size: 614.58406pt x 795.3441pt.
File: Bethe_1928_rev22_changed_pages.pdf Graphic file (type pdf)
<use Bethe_1928_rev22_changed_pages.pdf, page 9>
Package pdftex.def Info: Bethe_1928_rev22_changed_pages.pdf , page9 used on inp
ut line 69.
(pdftex.def)             Requested size: 614.58406pt x 795.3441pt.


File: Bethe_1928_rev22_changed_pages.pdf Graphic file (type pdf)
<use Bethe_1928_rev22_changed_pages.pdf, page 9>
Package pdftex.def Info: Bethe_1928_rev22_changed_pages.pdf , page9 used on inp
ut line 69.
(pdftex.def)             Requested size: 614.58406pt x 795.3441pt.
[49

 <./Bethe_1928_rev22_changed_pages.pdf>]
<Bethe_1928_rev22_changed_pages.pdf, id=431, page=10, 614.295pt x 794.97pt>
File: Bethe_1928_rev22_changed_pages.pdf Graphic file (type pdf)
<use Bethe_1928_rev22_changed_pages.pdf, page 10>
Package pdftex.def Info: Bethe_1928_rev22_changed_pages.pdf , page10 used on in
put line 69.
(pdftex.def)             Requested size: 614.58406pt x 795.3441pt.
File: Bethe_1928_rev22_changed_pages.pdf Graphic file (type pdf)
<use Bethe_1928_rev22_changed_pages.pdf, page 10>
Package pdftex.def Info: Bethe_1928_rev22_changed_pages.pdf , page10 used on in
put line 69.
(pdftex.def)             Requested size: 614.58406pt x 795.3441pt.


File: Bethe_1928_rev22_changed_pages.pdf Graphic file (type pdf)
<use Bethe_1928_rev22_changed_pages.pdf, page 10>
Package pdftex.def Info: Bethe_1928_rev22_changed_pages.pdf , page10 used on in
put line 69.
(pdftex.def)             Requested size: 614.58406pt x 795.3441pt.
[50

 <./Bethe_1928_rev22_changed_pages.pdf>]
File: Bethe_1928_Final_Audited_Translation_rev20.pdf Graphic file (type pdf)
<use Bethe_1928_Final_Audited_Translation_rev20.pdf>
Package pdftex.def Info: Bethe_1928_Final_Audited_Translation_rev20.pdf  used o
n input line 72.
(pdftex.def)             Requested size: 614.29349pt x 794.96806pt.
<Bethe_1928_Final_Audited_Translation_rev20.pdf, id=436, page=51, 614.295pt x 7
94.97pt>
File: Bethe_1928_Final_Audited_Translation_rev20.pdf Graphic file (type pdf)
<use Bethe_1928_Final_Audited_Translation_rev20.pdf, page 51>
Package pdftex.def Info: Bethe_1928_Final_Audited_Translation_rev20.pdf , page5
1 used on input line 72.
(pdftex.def)             Requested size: 614.29349pt x 794.96806pt.
File: Bethe_1928_Final_Audited_Translation_rev20.pdf Graphic file (type pdf)
<use Bethe_1928_Final_Audited_Translation_rev20.pdf, page 51>
Package pdftex.def Info: Bethe_1928_Final_Audited_Translation_rev20.pdf , page5
1 used on input line 72.
(pdftex.def)             Requested size: 614.58406pt x 795.3441pt.
File: Bethe_1928_Final_Audited_Translation_rev20.pdf Graphic file (type pdf)
<use Bethe_1928_Final_Audited_Translation_rev20.pdf, page 51>
Package pdftex.def Info: Bethe_1928_Final_Audited_Translation_rev20.pdf , page5
1 used on input line 72.
(pdftex.def)             Requested size: 614.58406pt x 795.3441pt.
File: Bethe_1928_Final_Audited_Translation_rev20.pdf Graphic file (type pdf)
<use Bethe_1928_Final_Audited_Translation_rev20.pdf, page 51>
Package pdftex.def Info: Bethe_1928_Final_Audited_Translation_rev20.pdf , page5
1 used on input line 72.
(pdftex.def)             Requested size: 614.58406pt x 795.3441pt.


File: Bethe_1928_Final_Audited_Translation_rev20.pdf Graphic file (type pdf)
<use Bethe_1928_Final_Audited_Translation_rev20.pdf, page 51>
Package pdftex.def Info: Bethe_1928_Final_Audited_Translation_rev20.pdf , page5
1 used on input line 72.
(pdftex.def)             Requested size: 614.58406pt x 795.3441pt.
[51

 <./Bethe_1928_Final_Audited_Translation_rev20.pdf>]
<Bethe_1928_Final_Audited_Translation_rev20.pdf, id=441, page=52, 614.295pt x 7
94.97pt>
File: Bethe_1928_Final_Audited_Translation_rev20.pdf Graphic file (type pdf)
<use Bethe_1928_Final_Audited_Translation_rev20.pdf, page 52>
Package pdftex.def Info: Bethe_1928_Final_Audited_Translation_rev20.pdf , page5
2 used on input line 72.
(pdftex.def)             Requested size: 614.58406pt x 795.3441pt.
File: Bethe_1928_Final_Audited_Translation_rev20.pdf Graphic file (type pdf)
<use Bethe_1928_Final_Audited_Translation_rev20.pdf, page 52>
Package pdftex.def Info: Bethe_1928_Final_Audited_Translation_rev20.pdf , page5
2 used on input line 72.
(pdftex.def)             Requested size: 614.58406pt x 795.3441pt.


File: Bethe_1928_Final_Audited_Translation_rev20.pdf Graphic file (type pdf)
<use Bethe_1928_Final_Audited_Translation_rev20.pdf, page 52>
Package pdftex.def Info: Bethe_1928_Final_Audited_Translation_rev20.pdf , page5
2 used on input line 72.
(pdftex.def)             Requested size: 614.58406pt x 795.3441pt.
[52

 <./Bethe_1928_Final_Audited_Translation_rev20.pdf>]
<Bethe_1928_Final_Audited_Translation_rev20.pdf, id=445, page=53, 614.295pt x 7
94.97pt>
File: Bethe_1928_Final_Audited_Translation_rev20.pdf Graphic file (type pdf)
<use Bethe_1928_Final_Audited_Translation_rev20.pdf, page 53>
Package pdftex.def Info: Bethe_1928_Final_Audited_Translation_rev20.pdf , page5
3 used on input line 72.
(pdftex.def)             Requested size: 614.58406pt x 795.3441pt.
File: Bethe_1928_Final_Audited_Translation_rev20.pdf Graphic file (type pdf)
<use Bethe_1928_Final_Audited_Translation_rev20.pdf, page 53>
Package pdftex.def Info: Bethe_1928_Final_Audited_Translation_rev20.pdf , page5
3 used on input line 72.
(pdftex.def)             Requested size: 614.58406pt x 795.3441pt.


File: Bethe_1928_Final_Audited_Translation_rev20.pdf Graphic file (type pdf)
<use Bethe_1928_Final_Audited_Translation_rev20.pdf, page 53>
Package pdftex.def Info: Bethe_1928_Final_Audited_Translation_rev20.pdf , page5
3 used on input line 72.
(pdftex.def)             Requested size: 614.58406pt x 795.3441pt.
[53

 <./Bethe_1928_Final_Audited_Translation_rev20.pdf>]
<Bethe_1928_Final_Audited_Translation_rev20.pdf, id=449, page=54, 614.295pt x 7
94.97pt>
File: Bethe_1928_Final_Audited_Translation_rev20.pdf Graphic file (type pdf)
<use Bethe_1928_Final_Audited_Translation_rev20.pdf, page 54>
Package pdftex.def Info: Bethe_1928_Final_Audited_Translation_rev20.pdf , page5
4 used on input line 72.
(pdftex.def)             Requested size: 614.58406pt x 795.3441pt.
File: Bethe_1928_Final_Audited_Translation_rev20.pdf Graphic file (type pdf)
<use Bethe_1928_Final_Audited_Translation_rev20.pdf, page 54>
Package pdftex.def Info: Bethe_1928_Final_Audited_Translation_rev20.pdf , page5
4 used on input line 72.
(pdftex.def)             Requested size: 614.58406pt x 795.3441pt.


File: Bethe_1928_Final_Audited_Translation_rev20.pdf Graphic file (type pdf)
<use Bethe_1928_Final_Audited_Translation_rev20.pdf, page 54>
Package pdftex.def Info: Bethe_1928_Final_Audited_Translation_rev20.pdf , page5
4 used on input line 72.
(pdftex.def)             Requested size: 614.58406pt x 795.3441pt.
[54

 <./Bethe_1928_Final_Audited_Translation_rev20.pdf>]
<Bethe_1928_Final_Audited_Translation_rev20.pdf, id=453, page=55, 614.295pt x 7
94.97pt>
File: Bethe_1928_Final_Audited_Translation_rev20.pdf Graphic file (type pdf)
<use Bethe_1928_Final_Audited_Translation_rev20.pdf, page 55>
Package pdftex.def Info: Bethe_1928_Final_Audited_Translation_rev20.pdf , page5
5 used on input line 72.
(pdftex.def)             Requested size: 614.58406pt x 795.3441pt.
File: Bethe_1928_Final_Audited_Translation_rev20.pdf Graphic file (type pdf)
<use Bethe_1928_Final_Audited_Translation_rev20.pdf, page 55>
Package pdftex.def Info: Bethe_1928_Final_Audited_Translation_rev20.pdf , page5
5 used on input line 72.
(pdftex.def)             Requested size: 614.58406pt x 795.3441pt.


File: Bethe_1928_Final_Audited_Translation_rev20.pdf Graphic file (type pdf)
<use Bethe_1928_Final_Audited_Translation_rev20.pdf, page 55>
Package pdftex.def Info: Bethe_1928_Final_Audited_Translation_rev20.pdf , page5
5 used on input line 72.
(pdftex.def)             Requested size: 614.58406pt x 795.3441pt.
[55

 <./Bethe_1928_Final_Audited_Translation_rev20.pdf>]
<Bethe_1928_Final_Audited_Translation_rev20.pdf, id=469, page=56, 614.295pt x 7
94.97pt>
File: Bethe_1928_Final_Audited_Translation_rev20.pdf Graphic file (type pdf)
<use Bethe_1928_Final_Audited_Translation_rev20.pdf, page 56>
Package pdftex.def Info: Bethe_1928_Final_Audited_Translation_rev20.pdf , page5
6 used on input line 72.
(pdftex.def)             Requested size: 614.58406pt x 795.3441pt.
File: Bethe_1928_Final_Audited_Translation_rev20.pdf Graphic file (type pdf)
<use Bethe_1928_Final_Audited_Translation_rev20.pdf, page 56>
Package pdftex.def Info: Bethe_1928_Final_Audited_Translation_rev20.pdf , page5
6 used on input line 72.
(pdftex.def)             Requested size: 614.58406pt x 795.3441pt.


File: Bethe_1928_Final_Audited_Translation_rev20.pdf Graphic file (type pdf)
<use Bethe_1928_Final_Audited_Translation_rev20.pdf, page 56>
Package pdftex.def Info: Bethe_1928_Final_Audited_Translation_rev20.pdf , page5
6 used on input line 72.
(pdftex.def)             Requested size: 614.58406pt x 795.3441pt.
[56

 <./Bethe_1928_Final_Audited_Translation_rev20.pdf>]
<Bethe_1928_Final_Audited_Translation_rev20.pdf, id=473, page=57, 614.295pt x 7
94.97pt>
File: Bethe_1928_Final_Audited_Translation_rev20.pdf Graphic file (type pdf)
<use Bethe_1928_Final_Audited_Translation_rev20.pdf, page 57>
Package pdftex.def Info: Bethe_1928_Final_Audited_Translation_rev20.pdf , page5
7 used on input line 72.
(pdftex.def)             Requested size: 614.58406pt x 795.3441pt.
File: Bethe_1928_Final_Audited_Translation_rev20.pdf Graphic file (type pdf)
<use Bethe_1928_Final_Audited_Translation_rev20.pdf, page 57>
Package pdftex.def Info: Bethe_1928_Final_Audited_Translation_rev20.pdf , page5
7 used on input line 72.
(pdftex.def)             Requested size: 614.58406pt x 795.3441pt.


File: Bethe_1928_Final_Audited_Translation_rev20.pdf Graphic file (type pdf)
<use Bethe_1928_Final_Audited_Translation_rev20.pdf, page 57>
Package pdftex.def Info: Bethe_1928_Final_Audited_Translation_rev20.pdf , page5
7 used on input line 72.
(pdftex.def)             Requested size: 614.58406pt x 795.3441pt.
[57

 <./Bethe_1928_Final_Audited_Translation_rev20.pdf>]
<Bethe_1928_Final_Audited_Translation_rev20.pdf, id=479, page=58, 614.295pt x 7
94.97pt>
File: Bethe_1928_Final_Audited_Translation_rev20.pdf Graphic file (type pdf)
<use Bethe_1928_Final_Audited_Translation_rev20.pdf, page 58>
Package pdftex.def Info: Bethe_1928_Final_Audited_Translation_rev20.pdf , page5
8 used on input line 72.
(pdftex.def)             Requested size: 614.58406pt x 795.3441pt.
File: Bethe_1928_Final_Audited_Translation_rev20.pdf Graphic file (type pdf)
<use Bethe_1928_Final_Audited_Translation_rev20.pdf, page 58>
Package pdftex.def Info: Bethe_1928_Final_Audited_Translation_rev20.pdf , page5
8 used on input line 72.
(pdftex.def)             Requested size: 614.58406pt x 795.3441pt.


File: Bethe_1928_Final_Audited_Translation_rev20.pdf Graphic file (type pdf)
<use Bethe_1928_Final_Audited_Translation_rev20.pdf, page 58>
Package pdftex.def Info: Bethe_1928_Final_Audited_Translation_rev20.pdf , page5
8 used on input line 72.
(pdftex.def)             Requested size: 614.58406pt x 795.3441pt.
[58

 <./Bethe_1928_Final_Audited_Translation_rev20.pdf>]
<Bethe_1928_Final_Audited_Translation_rev20.pdf, id=485, page=59, 614.295pt x 7
94.97pt>
File: Bethe_1928_Final_Audited_Translation_rev20.pdf Graphic file (type pdf)
<use Bethe_1928_Final_Audited_Translation_rev20.pdf, page 59>
Package pdftex.def Info: Bethe_1928_Final_Audited_Translation_rev20.pdf , page5
9 used on input line 72.
(pdftex.def)             Requested size: 614.58406pt x 795.3441pt.
File: Bethe_1928_Final_Audited_Translation_rev20.pdf Graphic file (type pdf)
<use Bethe_1928_Final_Audited_Translation_rev20.pdf, page 59>
Package pdftex.def Info: Bethe_1928_Final_Audited_Translation_rev20.pdf , page5
9 used on input line 72.
(pdftex.def)             Requested size: 614.58406pt x 795.3441pt.


File: Bethe_1928_Final_Audited_Translation_rev20.pdf Graphic file (type pdf)
<use Bethe_1928_Final_Audited_Translation_rev20.pdf, page 59>
Package pdftex.def Info: Bethe_1928_Final_Audited_Translation_rev20.pdf , page5
9 used on input line 72.
(pdftex.def)             Requested size: 614.58406pt x 795.3441pt.
[59

 <./Bethe_1928_Final_Audited_Translation_rev20.pdf>]
<Bethe_1928_Final_Audited_Translation_rev20.pdf, id=489, page=60, 614.295pt x 7
94.97pt>
File: Bethe_1928_Final_Audited_Translation_rev20.pdf Graphic file (type pdf)
<use Bethe_1928_Final_Audited_Translation_rev20.pdf, page 60>
Package pdftex.def Info: Bethe_1928_Final_Audited_Translation_rev20.pdf , page6
0 used on input line 72.
(pdftex.def)             Requested size: 614.58406pt x 795.3441pt.
File: Bethe_1928_Final_Audited_Translation_rev20.pdf Graphic file (type pdf)
<use Bethe_1928_Final_Audited_Translation_rev20.pdf, page 60>
Package pdftex.def Info: Bethe_1928_Final_Audited_Translation_rev20.pdf , page6
0 used on input line 72.
(pdftex.def)             Requested size: 614.58406pt x 795.3441pt.


File: Bethe_1928_Final_Audited_Translation_rev20.pdf Graphic file (type pdf)
<use Bethe_1928_Final_Audited_Translation_rev20.pdf, page 60>
Package pdftex.def Info: Bethe_1928_Final_Audited_Translation_rev20.pdf , page6
0 used on input line 72.
(pdftex.def)             Requested size: 614.58406pt x 795.3441pt.
[60

 <./Bethe_1928_Final_Audited_Translation_rev20.pdf>]
<Bethe_1928_Final_Audited_Translation_rev20.pdf, id=493, page=61, 614.295pt x 7
94.97pt>
File: Bethe_1928_Final_Audited_Translation_rev20.pdf Graphic file (type pdf)
<use Bethe_1928_Final_Audited_Translation_rev20.pdf, page 61>
Package pdftex.def Info: Bethe_1928_Final_Audited_Translation_rev20.pdf , page6
1 used on input line 72.
(pdftex.def)             Requested size: 614.58406pt x 795.3441pt.
File: Bethe_1928_Final_Audited_Translation_rev20.pdf Graphic file (type pdf)
<use Bethe_1928_Final_Audited_Translation_rev20.pdf, page 61>
Package pdftex.def Info: Bethe_1928_Final_Audited_Translation_rev20.pdf , page6
1 used on input line 72.
(pdftex.def)             Requested size: 614.58406pt x 795.3441pt.


File: Bethe_1928_Final_Audited_Translation_rev20.pdf Graphic file (type pdf)
<use Bethe_1928_Final_Audited_Translation_rev20.pdf, page 61>
Package pdftex.def Info: Bethe_1928_Final_Audited_Translation_rev20.pdf , page6
1 used on input line 72.
(pdftex.def)             Requested size: 614.58406pt x 795.3441pt.
[61

 <./Bethe_1928_Final_Audited_Translation_rev20.pdf>]
<Bethe_1928_Final_Audited_Translation_rev20.pdf, id=498, page=62, 614.295pt x 7
94.97pt>
File: Bethe_1928_Final_Audited_Translation_rev20.pdf Graphic file (type pdf)
<use Bethe_1928_Final_Audited_Translation_rev20.pdf, page 62>
Package pdftex.def Info: Bethe_1928_Final_Audited_Translation_rev20.pdf , page6
2 used on input line 72.
(pdftex.def)             Requested size: 614.58406pt x 795.3441pt.
File: Bethe_1928_Final_Audited_Translation_rev20.pdf Graphic file (type pdf)
<use Bethe_1928_Final_Audited_Translation_rev20.pdf, page 62>
Package pdftex.def Info: Bethe_1928_Final_Audited_Translation_rev20.pdf , page6
2 used on input line 72.
(pdftex.def)             Requested size: 614.58406pt x 795.3441pt.


File: Bethe_1928_Final_Audited_Translation_rev20.pdf Graphic file (type pdf)
<use Bethe_1928_Final_Audited_Translation_rev20.pdf, page 62>
Package pdftex.def Info: Bethe_1928_Final_Audited_Translation_rev20.pdf , page6
2 used on input line 72.
(pdftex.def)             Requested size: 614.58406pt x 795.3441pt.
[62

 <./Bethe_1928_Final_Audited_Translation_rev20.pdf>]
<Bethe_1928_Final_Audited_Translation_rev20.pdf, id=512, page=63, 614.295pt x 7
94.97pt>
File: Bethe_1928_Final_Audited_Translation_rev20.pdf Graphic file (type pdf)
<use Bethe_1928_Final_Audited_Translation_rev20.pdf, page 63>
Package pdftex.def Info: Bethe_1928_Final_Audited_Translation_rev20.pdf , page6
3 used on input line 72.
(pdftex.def)             Requested size: 614.58406pt x 795.3441pt.
File: Bethe_1928_Final_Audited_Translation_rev20.pdf Graphic file (type pdf)
<use Bethe_1928_Final_Audited_Translation_rev20.pdf, page 63>
Package pdftex.def Info: Bethe_1928_Final_Audited_Translation_rev20.pdf , page6
3 used on input line 72.
(pdftex.def)             Requested size: 614.58406pt x 795.3441pt.


File: Bethe_1928_Final_Audited_Translation_rev20.pdf Graphic file (type pdf)
<use Bethe_1928_Final_Audited_Translation_rev20.pdf, page 63>
Package pdftex.def Info: Bethe_1928_Final_Audited_Translation_rev20.pdf , page6
3 used on input line 72.
(pdftex.def)             Requested size: 614.58406pt x 795.3441pt.
[63

 <./Bethe_1928_Final_Audited_Translation_rev20.pdf>]
<Bethe_1928_Final_Audited_Translation_rev20.pdf, id=516, page=64, 614.295pt x 7
94.97pt>
File: Bethe_1928_Final_Audited_Translation_rev20.pdf Graphic file (type pdf)
<use Bethe_1928_Final_Audited_Translation_rev20.pdf, page 64>
Package pdftex.def Info: Bethe_1928_Final_Audited_Translation_rev20.pdf , page6
4 used on input line 72.
(pdftex.def)             Requested size: 614.58406pt x 795.3441pt.
File: Bethe_1928_Final_Audited_Translation_rev20.pdf Graphic file (type pdf)
<use Bethe_1928_Final_Audited_Translation_rev20.pdf, page 64>
Package pdftex.def Info: Bethe_1928_Final_Audited_Translation_rev20.pdf , page6
4 used on input line 72.
(pdftex.def)             Requested size: 614.58406pt x 795.3441pt.


File: Bethe_1928_Final_Audited_Translation_rev20.pdf Graphic file (type pdf)
<use Bethe_1928_Final_Audited_Translation_rev20.pdf, page 64>
Package pdftex.def Info: Bethe_1928_Final_Audited_Translation_rev20.pdf , page6
4 used on input line 72.
(pdftex.def)             Requested size: 614.58406pt x 795.3441pt.
[64

 <./Bethe_1928_Final_Audited_Translation_rev20.pdf>]
<Bethe_1928_Final_Audited_Translation_rev20.pdf, id=520, page=65, 614.295pt x 7
94.97pt>
File: Bethe_1928_Final_Audited_Translation_rev20.pdf Graphic file (type pdf)
<use Bethe_1928_Final_Audited_Translation_rev20.pdf, page 65>
Package pdftex.def Info: Bethe_1928_Final_Audited_Translation_rev20.pdf , page6
5 used on input line 72.
(pdftex.def)             Requested size: 614.58406pt x 795.3441pt.
File: Bethe_1928_Final_Audited_Translation_rev20.pdf Graphic file (type pdf)
<use Bethe_1928_Final_Audited_Translation_rev20.pdf, page 65>
Package pdftex.def Info: Bethe_1928_Final_Audited_Translation_rev20.pdf , page6
5 used on input line 72.
(pdftex.def)             Requested size: 614.58406pt x 795.3441pt.


File: Bethe_1928_Final_Audited_Translation_rev20.pdf Graphic file (type pdf)
<use Bethe_1928_Final_Audited_Translation_rev20.pdf, page 65>
Package pdftex.def Info: Bethe_1928_Final_Audited_Translation_rev20.pdf , page6
5 used on input line 72.
(pdftex.def)             Requested size: 614.58406pt x 795.3441pt.
[65

 <./Bethe_1928_Final_Audited_Translation_rev20.pdf>]
<Bethe_1928_Final_Audited_Translation_rev20.pdf, id=524, page=66, 614.295pt x 7
94.97pt>
File: Bethe_1928_Final_Audited_Translation_rev20.pdf Graphic file (type pdf)
<use Bethe_1928_Final_Audited_Translation_rev20.pdf, page 66>
Package pdftex.def Info: Bethe_1928_Final_Audited_Translation_rev20.pdf , page6
6 used on input line 72.
(pdftex.def)             Requested size: 614.58406pt x 795.3441pt.
File: Bethe_1928_Final_Audited_Translation_rev20.pdf Graphic file (type pdf)
<use Bethe_1928_Final_Audited_Translation_rev20.pdf, page 66>
Package pdftex.def Info: Bethe_1928_Final_Audited_Translation_rev20.pdf , page6
6 used on input line 72.
(pdftex.def)             Requested size: 614.58406pt x 795.3441pt.


File: Bethe_1928_Final_Audited_Translation_rev20.pdf Graphic file (type pdf)
<use Bethe_1928_Final_Audited_Translation_rev20.pdf, page 66>
Package pdftex.def Info: Bethe_1928_Final_Audited_Translation_rev20.pdf , page6
6 used on input line 72.
(pdftex.def)             Requested size: 614.58406pt x 795.3441pt.
[66

 <./Bethe_1928_Final_Audited_Translation_rev20.pdf>]
<Bethe_1928_Final_Audited_Translation_rev20.pdf, id=528, page=67, 614.295pt x 7
94.97pt>
File: Bethe_1928_Final_Audited_Translation_rev20.pdf Graphic file (type pdf)
<use Bethe_1928_Final_Audited_Translation_rev20.pdf, page 67>
Package pdftex.def Info: Bethe_1928_Final_Audited_Translation_rev20.pdf , page6
7 used on input line 72.
(pdftex.def)             Requested size: 614.58406pt x 795.3441pt.
File: Bethe_1928_Final_Audited_Translation_rev20.pdf Graphic file (type pdf)
<use Bethe_1928_Final_Audited_Translation_rev20.pdf, page 67>
Package pdftex.def Info: Bethe_1928_Final_Audited_Translation_rev20.pdf , page6
7 used on input line 72.
(pdftex.def)             Requested size: 614.58406pt x 795.3441pt.


File: Bethe_1928_Final_Audited_Translation_rev20.pdf Graphic file (type pdf)
<use Bethe_1928_Final_Audited_Translation_rev20.pdf, page 67>
Package pdftex.def Info: Bethe_1928_Final_Audited_Translation_rev20.pdf , page6
7 used on input line 72.
(pdftex.def)             Requested size: 614.58406pt x 795.3441pt.
[67

 <./Bethe_1928_Final_Audited_Translation_rev20.pdf>]
<Bethe_1928_Final_Audited_Translation_rev20.pdf, id=533, page=68, 614.295pt x 7
94.97pt>
File: Bethe_1928_Final_Audited_Translation_rev20.pdf Graphic file (type pdf)
<use Bethe_1928_Final_Audited_Translation_rev20.pdf, page 68>
Package pdftex.def Info: Bethe_1928_Final_Audited_Translation_rev20.pdf , page6
8 used on input line 72.
(pdftex.def)             Requested size: 614.58406pt x 795.3441pt.
File: Bethe_1928_Final_Audited_Translation_rev20.pdf Graphic file (type pdf)
<use Bethe_1928_Final_Audited_Translation_rev20.pdf, page 68>
Package pdftex.def Info: Bethe_1928_Final_Audited_Translation_rev20.pdf , page6
8 used on input line 72.
(pdftex.def)             Requested size: 614.58406pt x 795.3441pt.


File: Bethe_1928_Final_Audited_Translation_rev20.pdf Graphic file (type pdf)
<use Bethe_1928_Final_Audited_Translation_rev20.pdf, page 68>
Package pdftex.def Info: Bethe_1928_Final_Audited_Translation_rev20.pdf , page6
8 used on input line 72.
(pdftex.def)             Requested size: 614.58406pt x 795.3441pt.
[68

 <./Bethe_1928_Final_Audited_Translation_rev20.pdf>]
<Bethe_1928_Final_Audited_Translation_rev20.pdf, id=537, page=69, 614.295pt x 7
94.97pt>
File: Bethe_1928_Final_Audited_Translation_rev20.pdf Graphic file (type pdf)
<use Bethe_1928_Final_Audited_Translation_rev20.pdf, page 69>
Package pdftex.def Info: Bethe_1928_Final_Audited_Translation_rev20.pdf , page6
9 used on input line 72.
(pdftex.def)             Requested size: 614.58406pt x 795.3441pt.
File: Bethe_1928_Final_Audited_Translation_rev20.pdf Graphic file (type pdf)
<use Bethe_1928_Final_Audited_Translation_rev20.pdf, page 69>
Package pdftex.def Info: Bethe_1928_Final_Audited_Translation_rev20.pdf , page6
9 used on input line 72.
(pdftex.def)             Requested size: 614.58406pt x 795.3441pt.


File: Bethe_1928_Final_Audited_Translation_rev20.pdf Graphic file (type pdf)
<use Bethe_1928_Final_Audited_Translation_rev20.pdf, page 69>
Package pdftex.def Info: Bethe_1928_Final_Audited_Translation_rev20.pdf , page6
9 used on input line 72.
(pdftex.def)             Requested size: 614.58406pt x 795.3441pt.
[69

 <./Bethe_1928_Final_Audited_Translation_rev20.pdf>]
<Bethe_1928_Final_Audited_Translation_rev20.pdf, id=541, page=70, 614.295pt x 7
94.97pt>
File: Bethe_1928_Final_Audited_Translation_rev20.pdf Graphic file (type pdf)
<use Bethe_1928_Final_Audited_Translation_rev20.pdf, page 70>
Package pdftex.def Info: Bethe_1928_Final_Audited_Translation_rev20.pdf , page7
0 used on input line 72.
(pdftex.def)             Requested size: 614.58406pt x 795.3441pt.
File: Bethe_1928_Final_Audited_Translation_rev20.pdf Graphic file (type pdf)
<use Bethe_1928_Final_Audited_Translation_rev20.pdf, page 70>
Package pdftex.def Info: Bethe_1928_Final_Audited_Translation_rev20.pdf , page7
0 used on input line 72.
(pdftex.def)             Requested size: 614.58406pt x 795.3441pt.


File: Bethe_1928_Final_Audited_Translation_rev20.pdf Graphic file (type pdf)
<use Bethe_1928_Final_Audited_Translation_rev20.pdf, page 70>
Package pdftex.def Info: Bethe_1928_Final_Audited_Translation_rev20.pdf , page7
0 used on input line 72.
(pdftex.def)             Requested size: 614.58406pt x 795.3441pt.
[70

 <./Bethe_1928_Final_Audited_Translation_rev20.pdf>]
<Bethe_1928_Final_Audited_Translation_rev20.pdf, id=547, page=71, 614.295pt x 7
94.97pt>
File: Bethe_1928_Final_Audited_Translation_rev20.pdf Graphic file (type pdf)
<use Bethe_1928_Final_Audited_Translation_rev20.pdf, page 71>
Package pdftex.def Info: Bethe_1928_Final_Audited_Translation_rev20.pdf , page7
1 used on input line 72.
(pdftex.def)             Requested size: 614.58406pt x 795.3441pt.
File: Bethe_1928_Final_Audited_Translation_rev20.pdf Graphic file (type pdf)
<use Bethe_1928_Final_Audited_Translation_rev20.pdf, page 71>
Package pdftex.def Info: Bethe_1928_Final_Audited_Translation_rev20.pdf , page7
1 used on input line 72.
(pdftex.def)             Requested size: 614.58406pt x 795.3441pt.


File: Bethe_1928_Final_Audited_Translation_rev20.pdf Graphic file (type pdf)
<use Bethe_1928_Final_Audited_Translation_rev20.pdf, page 71>
Package pdftex.def Info: Bethe_1928_Final_Audited_Translation_rev20.pdf , page7
1 used on input line 72.
(pdftex.def)             Requested size: 614.58406pt x 795.3441pt.
[71

 <./Bethe_1928_Final_Audited_Translation_rev20.pdf>]
<Bethe_1928_Final_Audited_Translation_rev20.pdf, id=551, page=72, 614.295pt x 7
94.97pt>
File: Bethe_1928_Final_Audited_Translation_rev20.pdf Graphic file (type pdf)
<use Bethe_1928_Final_Audited_Translation_rev20.pdf, page 72>
Package pdftex.def Info: Bethe_1928_Final_Audited_Translation_rev20.pdf , page7
2 used on input line 72.
(pdftex.def)             Requested size: 614.58406pt x 795.3441pt.
File: Bethe_1928_Final_Audited_Translation_rev20.pdf Graphic file (type pdf)
<use Bethe_1928_Final_Audited_Translation_rev20.pdf, page 72>
Package pdftex.def Info: Bethe_1928_Final_Audited_Translation_rev20.pdf , page7
2 used on input line 72.
(pdftex.def)             Requested size: 614.58406pt x 795.3441pt.


File: Bethe_1928_Final_Audited_Translation_rev20.pdf Graphic file (type pdf)
<use Bethe_1928_Final_Audited_Translation_rev20.pdf, page 72>
Package pdftex.def Info: Bethe_1928_Final_Audited_Translation_rev20.pdf , page7
2 used on input line 72.
(pdftex.def)             Requested size: 614.58406pt x 795.3441pt.
[72

 <./Bethe_1928_Final_Audited_Translation_rev20.pdf>]
<Bethe_1928_Final_Audited_Translation_rev20.pdf, id=555, page=73, 614.295pt x 7
94.97pt>
File: Bethe_1928_Final_Audited_Translation_rev20.pdf Graphic file (type pdf)
<use Bethe_1928_Final_Audited_Translation_rev20.pdf, page 73>
Package pdftex.def Info: Bethe_1928_Final_Audited_Translation_rev20.pdf , page7
3 used on input line 72.
(pdftex.def)             Requested size: 614.58406pt x 795.3441pt.
File: Bethe_1928_Final_Audited_Translation_rev20.pdf Graphic file (type pdf)
<use Bethe_1928_Final_Audited_Translation_rev20.pdf, page 73>
Package pdftex.def Info: Bethe_1928_Final_Audited_Translation_rev20.pdf , page7
3 used on input line 72.
(pdftex.def)             Requested size: 614.58406pt x 795.3441pt.


File: Bethe_1928_Final_Audited_Translation_rev20.pdf Graphic file (type pdf)
<use Bethe_1928_Final_Audited_Translation_rev20.pdf, page 73>
Package pdftex.def Info: Bethe_1928_Final_Audited_Translation_rev20.pdf , page7
3 used on input line 72.
(pdftex.def)             Requested size: 614.58406pt x 795.3441pt.
[73

 <./Bethe_1928_Final_Audited_Translation_rev20.pdf>]
<Bethe_1928_Final_Audited_Translation_rev20.pdf, id=560, page=74, 614.295pt x 7
94.97pt>
File: Bethe_1928_Final_Audited_Translation_rev20.pdf Graphic file (type pdf)
<use Bethe_1928_Final_Audited_Translation_rev20.pdf, page 74>
Package pdftex.def Info: Bethe_1928_Final_Audited_Translation_rev20.pdf , page7
4 used on input line 72.
(pdftex.def)             Requested size: 614.58406pt x 795.3441pt.
File: Bethe_1928_Final_Audited_Translation_rev20.pdf Graphic file (type pdf)
<use Bethe_1928_Final_Audited_Translation_rev20.pdf, page 74>
Package pdftex.def Info: Bethe_1928_Final_Audited_Translation_rev20.pdf , page7
4 used on input line 72.
(pdftex.def)             Requested size: 614.58406pt x 795.3441pt.


File: Bethe_1928_Final_Audited_Translation_rev20.pdf Graphic file (type pdf)
<use Bethe_1928_Final_Audited_Translation_rev20.pdf, page 74>
Package pdftex.def Info: Bethe_1928_Final_Audited_Translation_rev20.pdf , page7
4 used on input line 72.
(pdftex.def)             Requested size: 614.58406pt x 795.3441pt.
[74

 <./Bethe_1928_Final_Audited_Translation_rev20.pdf>]
<Bethe_1928_Final_Audited_Translation_rev20.pdf, id=564, page=75, 614.295pt x 7
94.97pt>
File: Bethe_1928_Final_Audited_Translation_rev20.pdf Graphic file (type pdf)
<use Bethe_1928_Final_Audited_Translation_rev20.pdf, page 75>
Package pdftex.def Info: Bethe_1928_Final_Audited_Translation_rev20.pdf , page7
5 used on input line 72.
(pdftex.def)             Requested size: 614.58406pt x 795.3441pt.
File: Bethe_1928_Final_Audited_Translation_rev20.pdf Graphic file (type pdf)
<use Bethe_1928_Final_Audited_Translation_rev20.pdf, page 75>
Package pdftex.def Info: Bethe_1928_Final_Audited_Translation_rev20.pdf , page7
5 used on input line 72.
(pdftex.def)             Requested size: 614.58406pt x 795.3441pt.


File: Bethe_1928_Final_Audited_Translation_rev20.pdf Graphic file (type pdf)
<use Bethe_1928_Final_Audited_Translation_rev20.pdf, page 75>
Package pdftex.def Info: Bethe_1928_Final_Audited_Translation_rev20.pdf , page7
5 used on input line 72.
(pdftex.def)             Requested size: 614.58406pt x 795.3441pt.
[75

 <./Bethe_1928_Final_Audited_Translation_rev20.pdf>]
File: Bethe_1928_rev22_changed_pages.pdf Graphic file (type pdf)
<use Bethe_1928_rev22_changed_pages.pdf>
Package pdftex.def Info: Bethe_1928_rev22_changed_pages.pdf  used on input line
 75.
(pdftex.def)             Requested size: 614.29349pt x 794.96806pt.
<Bethe_1928_rev22_changed_pages.pdf, id=571, page=11, 614.295pt x 794.97pt>
File: Bethe_1928_rev22_changed_pages.pdf Graphic file (type pdf)
<use Bethe_1928_rev22_changed_pages.pdf, page 11>
Package pdftex.def Info: Bethe_1928_rev22_changed_pages.pdf , page11 used on in
put line 75.
(pdftex.def)             Requested size: 614.29349pt x 794.96806pt.
File: Bethe_1928_rev22_changed_pages.pdf Graphic file (type pdf)
<use Bethe_1928_rev22_changed_pages.pdf, page 11>
Package pdftex.def Info: Bethe_1928_rev22_changed_pages.pdf , page11 used on in
put line 75.
(pdftex.def)             Requested size: 614.58406pt x 795.3441pt.
File: Bethe_1928_rev22_changed_pages.pdf Graphic file (type pdf)
<use Bethe_1928_rev22_changed_pages.pdf, page 11>
Package pdftex.def Info: Bethe_1928_rev22_changed_pages.pdf , page11 used on in
put line 75.
(pdftex.def)             Requested size: 614.58406pt x 795.3441pt.
File: Bethe_1928_rev22_changed_pages.pdf Graphic file (type pdf)
<use Bethe_1928_rev22_changed_pages.pdf, page 11>
Package pdftex.def Info: Bethe_1928_rev22_changed_pages.pdf , page11 used on in
put line 75.
(pdftex.def)             Requested size: 614.58406pt x 795.3441pt.


File: Bethe_1928_rev22_changed_pages.pdf Graphic file (type pdf)
<use Bethe_1928_rev22_changed_pages.pdf, page 11>
Package pdftex.def Info: Bethe_1928_rev22_changed_pages.pdf , page11 used on in
put line 75.
(pdftex.def)             Requested size: 614.58406pt x 795.3441pt.
[76

 <./Bethe_1928_rev22_changed_pages.pdf>]
File: Bethe_1928_Final_Audited_Translation_rev20.pdf Graphic file (type pdf)
<use Bethe_1928_Final_Audited_Translation_rev20.pdf>
Package pdftex.def Info: Bethe_1928_Final_Audited_Translation_rev20.pdf  used o
n input line 78.
(pdftex.def)             Requested size: 614.29349pt x 794.96806pt.
<Bethe_1928_Final_Audited_Translation_rev20.pdf, id=576, page=77, 614.295pt x 7
94.97pt>
File: Bethe_1928_Final_Audited_Translation_rev20.pdf Graphic file (type pdf)
<use Bethe_1928_Final_Audited_Translation_rev20.pdf, page 77>
Package pdftex.def Info: Bethe_1928_Final_Audited_Translation_rev20.pdf , page7
7 used on input line 78.
(pdftex.def)             Requested size: 614.29349pt x 794.96806pt.
File: Bethe_1928_Final_Audited_Translation_rev20.pdf Graphic file (type pdf)
<use Bethe_1928_Final_Audited_Translation_rev20.pdf, page 77>
Package pdftex.def Info: Bethe_1928_Final_Audited_Translation_rev20.pdf , page7
7 used on input line 78.
(pdftex.def)             Requested size: 614.58406pt x 795.3441pt.
File: Bethe_1928_Final_Audited_Translation_rev20.pdf Graphic file (type pdf)
<use Bethe_1928_Final_Audited_Translation_rev20.pdf, page 77>
Package pdftex.def Info: Bethe_1928_Final_Audited_Translation_rev20.pdf , page7
7 used on input line 78.
(pdftex.def)             Requested size: 614.58406pt x 795.3441pt.
File: Bethe_1928_Final_Audited_Translation_rev20.pdf Graphic file (type pdf)
<use Bethe_1928_Final_Audited_Translation_rev20.pdf, page 77>
Package pdftex.def Info: Bethe_1928_Final_Audited_Translation_rev20.pdf , page7
7 used on input line 78.
(pdftex.def)             Requested size: 614.58406pt x 795.3441pt.


File: Bethe_1928_Final_Audited_Translation_rev20.pdf Graphic file (type pdf)
<use Bethe_1928_Final_Audited_Translation_rev20.pdf, page 77>
Package pdftex.def Info: Bethe_1928_Final_Audited_Translation_rev20.pdf , page7
7 used on input line 78.
(pdftex.def)             Requested size: 614.58406pt x 795.3441pt.
[77

 <./Bethe_1928_Final_Audited_Translation_rev20.pdf>]
<Bethe_1928_Final_Audited_Translation_rev20.pdf, id=608, page=78, 614.295pt x 7
94.97pt>
File: Bethe_1928_Final_Audited_Translation_rev20.pdf Graphic file (type pdf)
<use Bethe_1928_Final_Audited_Translation_rev20.pdf, page 78>
Package pdftex.def Info: Bethe_1928_Final_Audited_Translation_rev20.pdf , page7
8 used on input line 78.
(pdftex.def)             Requested size: 614.58406pt x 795.3441pt.
File: Bethe_1928_Final_Audited_Translation_rev20.pdf Graphic file (type pdf)
<use Bethe_1928_Final_Audited_Translation_rev20.pdf, page 78>
Package pdftex.def Info: Bethe_1928_Final_Audited_Translation_rev20.pdf , page7
8 used on input line 78.
(pdftex.def)             Requested size: 614.58406pt x 795.3441pt.


File: Bethe_1928_Final_Audited_Translation_rev20.pdf Graphic file (type pdf)
<use Bethe_1928_Final_Audited_Translation_rev20.pdf, page 78>
Package pdftex.def Info: Bethe_1928_Final_Audited_Translation_rev20.pdf , page7
8 used on input line 78.
(pdftex.def)             Requested size: 614.58406pt x 795.3441pt.
[78

 <./Bethe_1928_Final_Audited_Translation_rev20.pdf>]
<Bethe_1928_Final_Audited_Translation_rev20.pdf, id=612, page=79, 614.295pt x 7
94.97pt>
File: Bethe_1928_Final_Audited_Translation_rev20.pdf Graphic file (type pdf)
<use Bethe_1928_Final_Audited_Translation_rev20.pdf, page 79>
Package pdftex.def Info: Bethe_1928_Final_Audited_Translation_rev20.pdf , page7
9 used on input line 78.
(pdftex.def)             Requested size: 614.58406pt x 795.3441pt.
File: Bethe_1928_Final_Audited_Translation_rev20.pdf Graphic file (type pdf)
<use Bethe_1928_Final_Audited_Translation_rev20.pdf, page 79>
Package pdftex.def Info: Bethe_1928_Final_Audited_Translation_rev20.pdf , page7
9 used on input line 78.
(pdftex.def)             Requested size: 614.58406pt x 795.3441pt.


File: Bethe_1928_Final_Audited_Translation_rev20.pdf Graphic file (type pdf)
<use Bethe_1928_Final_Audited_Translation_rev20.pdf, page 79>
Package pdftex.def Info: Bethe_1928_Final_Audited_Translation_rev20.pdf , page7
9 used on input line 78.
(pdftex.def)             Requested size: 614.58406pt x 795.3441pt.
[79

 <./Bethe_1928_Final_Audited_Translation_rev20.pdf>]
<Bethe_1928_Final_Audited_Translation_rev20.pdf, id=620, page=80, 614.295pt x 7
94.97pt>
File: Bethe_1928_Final_Audited_Translation_rev20.pdf Graphic file (type pdf)
<use Bethe_1928_Final_Audited_Translation_rev20.pdf, page 80>
Package pdftex.def Info: Bethe_1928_Final_Audited_Translation_rev20.pdf , page8
0 used on input line 78.
(pdftex.def)             Requested size: 614.58406pt x 795.3441pt.
File: Bethe_1928_Final_Audited_Translation_rev20.pdf Graphic file (type pdf)
<use Bethe_1928_Final_Audited_Translation_rev20.pdf, page 80>
Package pdftex.def Info: Bethe_1928_Final_Audited_Translation_rev20.pdf , page8
0 used on input line 78.
(pdftex.def)             Requested size: 614.58406pt x 795.3441pt.


File: Bethe_1928_Final_Audited_Translation_rev20.pdf Graphic file (type pdf)
<use Bethe_1928_Final_Audited_Translation_rev20.pdf, page 80>
Package pdftex.def Info: Bethe_1928_Final_Audited_Translation_rev20.pdf , page8
0 used on input line 78.
(pdftex.def)             Requested size: 614.58406pt x 795.3441pt.
[80

 <./Bethe_1928_Final_Audited_Translation_rev20.pdf>]
<Bethe_1928_Final_Audited_Translation_rev20.pdf, id=625, page=81, 614.295pt x 7
94.97pt>
File: Bethe_1928_Final_Audited_Translation_rev20.pdf Graphic file (type pdf)
<use Bethe_1928_Final_Audited_Translation_rev20.pdf, page 81>
Package pdftex.def Info: Bethe_1928_Final_Audited_Translation_rev20.pdf , page8
1 used on input line 78.
(pdftex.def)             Requested size: 614.58406pt x 795.3441pt.
File: Bethe_1928_Final_Audited_Translation_rev20.pdf Graphic file (type pdf)
<use Bethe_1928_Final_Audited_Translation_rev20.pdf, page 81>
Package pdftex.def Info: Bethe_1928_Final_Audited_Translation_rev20.pdf , page8
1 used on input line 78.
(pdftex.def)             Requested size: 614.58406pt x 795.3441pt.


File: Bethe_1928_Final_Audited_Translation_rev20.pdf Graphic file (type pdf)
<use Bethe_1928_Final_Audited_Translation_rev20.pdf, page 81>
Package pdftex.def Info: Bethe_1928_Final_Audited_Translation_rev20.pdf , page8
1 used on input line 78.
(pdftex.def)             Requested size: 614.58406pt x 795.3441pt.
[81

 <./Bethe_1928_Final_Audited_Translation_rev20.pdf>]
<Bethe_1928_Final_Audited_Translation_rev20.pdf, id=630, page=82, 614.295pt x 7
94.97pt>
File: Bethe_1928_Final_Audited_Translation_rev20.pdf Graphic file (type pdf)
<use Bethe_1928_Final_Audited_Translation_rev20.pdf, page 82>
Package pdftex.def Info: Bethe_1928_Final_Audited_Translation_rev20.pdf , page8
2 used on input line 78.
(pdftex.def)             Requested size: 614.58406pt x 795.3441pt.
File: Bethe_1928_Final_Audited_Translation_rev20.pdf Graphic file (type pdf)
<use Bethe_1928_Final_Audited_Translation_rev20.pdf, page 82>
Package pdftex.def Info: Bethe_1928_Final_Audited_Translation_rev20.pdf , page8
2 used on input line 78.
(pdftex.def)             Requested size: 614.58406pt x 795.3441pt.


File: Bethe_1928_Final_Audited_Translation_rev20.pdf Graphic file (type pdf)
<use Bethe_1928_Final_Audited_Translation_rev20.pdf, page 82>
Package pdftex.def Info: Bethe_1928_Final_Audited_Translation_rev20.pdf , page8
2 used on input line 78.
(pdftex.def)             Requested size: 614.58406pt x 795.3441pt.
[82

 <./Bethe_1928_Final_Audited_Translation_rev20.pdf>]
<Bethe_1928_Final_Audited_Translation_rev20.pdf, id=635, page=83, 614.295pt x 7
94.97pt>
File: Bethe_1928_Final_Audited_Translation_rev20.pdf Graphic file (type pdf)
<use Bethe_1928_Final_Audited_Translation_rev20.pdf, page 83>
Package pdftex.def Info: Bethe_1928_Final_Audited_Translation_rev20.pdf , page8
3 used on input line 78.
(pdftex.def)             Requested size: 614.58406pt x 795.3441pt.
File: Bethe_1928_Final_Audited_Translation_rev20.pdf Graphic file (type pdf)
<use Bethe_1928_Final_Audited_Translation_rev20.pdf, page 83>
Package pdftex.def Info: Bethe_1928_Final_Audited_Translation_rev20.pdf , page8
3 used on input line 78.
(pdftex.def)             Requested size: 614.58406pt x 795.3441pt.


File: Bethe_1928_Final_Audited_Translation_rev20.pdf Graphic file (type pdf)
<use Bethe_1928_Final_Audited_Translation_rev20.pdf, page 83>
Package pdftex.def Info: Bethe_1928_Final_Audited_Translation_rev20.pdf , page8
3 used on input line 78.
(pdftex.def)             Requested size: 614.58406pt x 795.3441pt.
[83

 <./Bethe_1928_Final_Audited_Translation_rev20.pdf>]
<Bethe_1928_Final_Audited_Translation_rev20.pdf, id=640, page=84, 614.295pt x 7
94.97pt>
File: Bethe_1928_Final_Audited_Translation_rev20.pdf Graphic file (type pdf)
<use Bethe_1928_Final_Audited_Translation_rev20.pdf, page 84>
Package pdftex.def Info: Bethe_1928_Final_Audited_Translation_rev20.pdf , page8
4 used on input line 78.
(pdftex.def)             Requested size: 614.58406pt x 795.3441pt.
File: Bethe_1928_Final_Audited_Translation_rev20.pdf Graphic file (type pdf)
<use Bethe_1928_Final_Audited_Translation_rev20.pdf, page 84>
Package pdftex.def Info: Bethe_1928_Final_Audited_Translation_rev20.pdf , page8
4 used on input line 78.
(pdftex.def)             Requested size: 614.58406pt x 795.3441pt.


File: Bethe_1928_Final_Audited_Translation_rev20.pdf Graphic file (type pdf)
<use Bethe_1928_Final_Audited_Translation_rev20.pdf, page 84>
Package pdftex.def Info: Bethe_1928_Final_Audited_Translation_rev20.pdf , page8
4 used on input line 78.
(pdftex.def)             Requested size: 614.58406pt x 795.3441pt.
[84

 <./Bethe_1928_Final_Audited_Translation_rev20.pdf>]
<Bethe_1928_Final_Audited_Translation_rev20.pdf, id=645, page=85, 614.295pt x 7
94.97pt>
File: Bethe_1928_Final_Audited_Translation_rev20.pdf Graphic file (type pdf)
<use Bethe_1928_Final_Audited_Translation_rev20.pdf, page 85>
Package pdftex.def Info: Bethe_1928_Final_Audited_Translation_rev20.pdf , page8
5 used on input line 78.
(pdftex.def)             Requested size: 614.58406pt x 795.3441pt.
File: Bethe_1928_Final_Audited_Translation_rev20.pdf Graphic file (type pdf)
<use Bethe_1928_Final_Audited_Translation_rev20.pdf, page 85>
Package pdftex.def Info: Bethe_1928_Final_Audited_Translation_rev20.pdf , page8
5 used on input line 78.
(pdftex.def)             Requested size: 614.58406pt x 795.3441pt.


File: Bethe_1928_Final_Audited_Translation_rev20.pdf Graphic file (type pdf)
<use Bethe_1928_Final_Audited_Translation_rev20.pdf, page 85>
Package pdftex.def Info: Bethe_1928_Final_Audited_Translation_rev20.pdf , page8
5 used on input line 78.
(pdftex.def)             Requested size: 614.58406pt x 795.3441pt.
[85

 <./Bethe_1928_Final_Audited_Translation_rev20.pdf>]
<Bethe_1928_Final_Audited_Translation_rev20.pdf, id=651, page=86, 614.295pt x 7
94.97pt>
File: Bethe_1928_Final_Audited_Translation_rev20.pdf Graphic file (type pdf)
<use Bethe_1928_Final_Audited_Translation_rev20.pdf, page 86>
Package pdftex.def Info: Bethe_1928_Final_Audited_Translation_rev20.pdf , page8
6 used on input line 78.
(pdftex.def)             Requested size: 614.58406pt x 795.3441pt.
File: Bethe_1928_Final_Audited_Translation_rev20.pdf Graphic file (type pdf)
<use Bethe_1928_Final_Audited_Translation_rev20.pdf, page 86>
Package pdftex.def Info: Bethe_1928_Final_Audited_Translation_rev20.pdf , page8
6 used on input line 78.
(pdftex.def)             Requested size: 614.58406pt x 795.3441pt.


File: Bethe_1928_Final_Audited_Translation_rev20.pdf Graphic file (type pdf)
<use Bethe_1928_Final_Audited_Translation_rev20.pdf, page 86>
Package pdftex.def Info: Bethe_1928_Final_Audited_Translation_rev20.pdf , page8
6 used on input line 78.
(pdftex.def)             Requested size: 614.58406pt x 795.3441pt.
[86

 <./Bethe_1928_Final_Audited_Translation_rev20.pdf>]
<Bethe_1928_Final_Audited_Translation_rev20.pdf, id=656, page=87, 614.295pt x 7
94.97pt>
File: Bethe_1928_Final_Audited_Translation_rev20.pdf Graphic file (type pdf)
<use Bethe_1928_Final_Audited_Translation_rev20.pdf, page 87>
Package pdftex.def Info: Bethe_1928_Final_Audited_Translation_rev20.pdf , page8
7 used on input line 78.
(pdftex.def)             Requested size: 614.58406pt x 795.3441pt.
File: Bethe_1928_Final_Audited_Translation_rev20.pdf Graphic file (type pdf)
<use Bethe_1928_Final_Audited_Translation_rev20.pdf, page 87>
Package pdftex.def Info: Bethe_1928_Final_Audited_Translation_rev20.pdf , page8
7 used on input line 78.
(pdftex.def)             Requested size: 614.58406pt x 795.3441pt.


File: Bethe_1928_Final_Audited_Translation_rev20.pdf Graphic file (type pdf)
<use Bethe_1928_Final_Audited_Translation_rev20.pdf, page 87>
Package pdftex.def Info: Bethe_1928_Final_Audited_Translation_rev20.pdf , page8
7 used on input line 78.
(pdftex.def)             Requested size: 614.58406pt x 795.3441pt.
[87

 <./Bethe_1928_Final_Audited_Translation_rev20.pdf>]
<Bethe_1928_Final_Audited_Translation_rev20.pdf, id=661, page=88, 614.295pt x 7
94.97pt>
File: Bethe_1928_Final_Audited_Translation_rev20.pdf Graphic file (type pdf)
<use Bethe_1928_Final_Audited_Translation_rev20.pdf, page 88>
Package pdftex.def Info: Bethe_1928_Final_Audited_Translation_rev20.pdf , page8
8 used on input line 78.
(pdftex.def)             Requested size: 614.58406pt x 795.3441pt.
File: Bethe_1928_Final_Audited_Translation_rev20.pdf Graphic file (type pdf)
<use Bethe_1928_Final_Audited_Translation_rev20.pdf, page 88>
Package pdftex.def Info: Bethe_1928_Final_Audited_Translation_rev20.pdf , page8
8 used on input line 78.
(pdftex.def)             Requested size: 614.58406pt x 795.3441pt.


File: Bethe_1928_Final_Audited_Translation_rev20.pdf Graphic file (type pdf)
<use Bethe_1928_Final_Audited_Translation_rev20.pdf, page 88>
Package pdftex.def Info: Bethe_1928_Final_Audited_Translation_rev20.pdf , page8
8 used on input line 78.
(pdftex.def)             Requested size: 614.58406pt x 795.3441pt.
[88

 <./Bethe_1928_Final_Audited_Translation_rev20.pdf>]
<Bethe_1928_Final_Audited_Translation_rev20.pdf, id=666, page=89, 614.295pt x 7
94.97pt>
File: Bethe_1928_Final_Audited_Translation_rev20.pdf Graphic file (type pdf)
<use Bethe_1928_Final_Audited_Translation_rev20.pdf, page 89>
Package pdftex.def Info: Bethe_1928_Final_Audited_Translation_rev20.pdf , page8
9 used on input line 78.
(pdftex.def)             Requested size: 614.58406pt x 795.3441pt.
File: Bethe_1928_Final_Audited_Translation_rev20.pdf Graphic file (type pdf)
<use Bethe_1928_Final_Audited_Translation_rev20.pdf, page 89>
Package pdftex.def Info: Bethe_1928_Final_Audited_Translation_rev20.pdf , page8
9 used on input line 78.
(pdftex.def)             Requested size: 614.58406pt x 795.3441pt.


File: Bethe_1928_Final_Audited_Translation_rev20.pdf Graphic file (type pdf)
<use Bethe_1928_Final_Audited_Translation_rev20.pdf, page 89>
Package pdftex.def Info: Bethe_1928_Final_Audited_Translation_rev20.pdf , page8
9 used on input line 78.
(pdftex.def)             Requested size: 614.58406pt x 795.3441pt.
[89

 <./Bethe_1928_Final_Audited_Translation_rev20.pdf>]
<Bethe_1928_Final_Audited_Translation_rev20.pdf, id=671, page=90, 614.295pt x 7
94.97pt>
File: Bethe_1928_Final_Audited_Translation_rev20.pdf Graphic file (type pdf)
<use Bethe_1928_Final_Audited_Translation_rev20.pdf, page 90>
Package pdftex.def Info: Bethe_1928_Final_Audited_Translation_rev20.pdf , page9
0 used on input line 78.
(pdftex.def)             Requested size: 614.58406pt x 795.3441pt.
File: Bethe_1928_Final_Audited_Translation_rev20.pdf Graphic file (type pdf)
<use Bethe_1928_Final_Audited_Translation_rev20.pdf, page 90>
Package pdftex.def Info: Bethe_1928_Final_Audited_Translation_rev20.pdf , page9
0 used on input line 78.
(pdftex.def)             Requested size: 614.58406pt x 795.3441pt.


File: Bethe_1928_Final_Audited_Translation_rev20.pdf Graphic file (type pdf)
<use Bethe_1928_Final_Audited_Translation_rev20.pdf, page 90>
Package pdftex.def Info: Bethe_1928_Final_Audited_Translation_rev20.pdf , page9
0 used on input line 78.
(pdftex.def)             Requested size: 614.58406pt x 795.3441pt.
[90

 <./Bethe_1928_Final_Audited_Translation_rev20.pdf>]
<Bethe_1928_Final_Audited_Translation_rev20.pdf, id=677, page=91, 614.295pt x 7
94.97pt>
File: Bethe_1928_Final_Audited_Translation_rev20.pdf Graphic file (type pdf)
<use Bethe_1928_Final_Audited_Translation_rev20.pdf, page 91>
Package pdftex.def Info: Bethe_1928_Final_Audited_Translation_rev20.pdf , page9
1 used on input line 78.
(pdftex.def)             Requested size: 614.58406pt x 795.3441pt.
File: Bethe_1928_Final_Audited_Translation_rev20.pdf Graphic file (type pdf)
<use Bethe_1928_Final_Audited_Translation_rev20.pdf, page 91>
Package pdftex.def Info: Bethe_1928_Final_Audited_Translation_rev20.pdf , page9
1 used on input line 78.
(pdftex.def)             Requested size: 614.58406pt x 795.3441pt.


File: Bethe_1928_Final_Audited_Translation_rev20.pdf Graphic file (type pdf)
<use Bethe_1928_Final_Audited_Translation_rev20.pdf, page 91>
Package pdftex.def Info: Bethe_1928_Final_Audited_Translation_rev20.pdf , page9
1 used on input line 78.
(pdftex.def)             Requested size: 614.58406pt x 795.3441pt.
[91

 <./Bethe_1928_Final_Audited_Translation_rev20.pdf>]
(./Bethe_1928_rev22_English_only_math_preserved_source.aux)
 ***********
LaTeX2e <2024-11-01> patch level 2
L3 programming layer <2025-01-18>
 ***********
 ) 
Here is how much of TeX's memory you used:
 3818 strings out of 473197
 73663 string characters out of 5718606
 461593 words of memory out of 5000000
 27066 multiletter control sequences out of 15000+600000
 558837 words of font info for 36 fonts, out of 8000000 for 9000
 1141 hyphenation exceptions out of 8191
 72i,17n,79p,285b,440s stack positions out of 10000i,1000n,20000p,200000b,200000s
</usr/share/texmf/fonts/type1/public/lm/lmmi10.pfb>
Output written on Bethe_1928_rev22_English_only_math_preserved_source.pdf (91 p
ages, 5653465 bytes).
PDF statistics:
 690 PDF objects out of 1000 (max. 8388607)
 326 compressed objects within 4 object streams
 0 named destinations out of 1000 (max. 500000)
 551 words of extra memory for PDF output out of 10000 (max. 10000000)

